Supplier Name,Phone Number,Category,URL,Main Image,Gallery,Real Phone,Website,Google Reviews Link,Google Image,Google Rating,Reviews Count,Address
"סיה | Sia Events מתחם אירועים, נס ציונה",077-8049368,אולמות וגנים,https://engaged.co.il/המלצות/sia-events.html,,,052-9709902,siaevents21.com,,,,,"וייצמן 30, נס ציונה"
וואלי | valley-events גן אירועים בשרון,077-2313940,אולמות וגנים,https://engaged.co.il/המלצות/וואלי-2.html,,,09-7636090,https://valley-events.co.il/,,,,,"זאב בלפר 27, כפר סבא"
מתחם החמאם | Hamam אירועים עושים היסטוריה,,אולמות וגנים,https://engaged.co.il/המלצות/מתחם-החמאם.html,,,03-7353231,https://hamam.co.il,,https://hamam.co.il/wp-content/uploads/2023/07/חתונות-מתחם-החמאם-עמוד-הבית-2023-4-1_0058_321336056_549574357035510_1616133368959008232_n.webp,,,"טיילת מפרץ שלמה 10, יפו העתיקה"
אוריאנה | Oriyana Events אולם אירועים,,אולמות וגנים,https://engaged.co.il/המלצות/אולמי_אוריאנה.html,,,+972 3-634-5500,,"https://www.google.com/maps/search/?api=1&query=אוריאנה+Oriyana+Events+אולם+אירועים,היוצרים+16,+אור+יהודה,+ישראל",,4.2,704,"היוצרים 16, אור יהודה, ישראל"
גני כנען | Ganey Cnaan גן אירועים,,אולמות וגנים,https://engaged.co.il/המלצות/גני-כנען.html,,,,,,,,,קיבוץ נען
מפלים | Mapalim גן אירועים,,אולמות וגנים,https://engaged.co.il/המלצות/מפלים.html,,,03-9411133,https://rain-events.co.il,"https://www.google.com/maps/place/%D7%A8%D7%99%D7%99%D7%9F+Rain+Events/@31.970228,34.799736,17z/data=!4m8!3m7!1s0x1502b21000000000:0x1234567890abcdef!8m2!3d31.970228!4d34.799736!9m1!1b1!16s%2Fg%2F11f0_1234",https://rain-events.co.il/wp-content/uploads/2022/08/RAIN.png,4.3,1123,"לזרוב 23, ראשון לציון, ישראל"
שלוש הבית לאירועים | Shalosh Events אור יהודה,077-9979455,אולמות וגנים,https://engaged.co.il/המלצות/שלוש-אירועים.html,,,03-9173999,https://shalosh-events.co.il,,,,,"דוד כהן 3, אור יהודה"
אלגריה | Alegria מתחם אירועים,077-7299530,אולמות וגנים,https://engaged.co.il/המלצות/אלגריה.html,,,08-9477800,https://alegriaevent.co.il,https://www.google.com/maps/search/?api=1&query=%D7%90%D7%9C%D7%92%D7%A8%D7%99%D7%94+Alegria+%D7%9E%D7%AA%D7%97%D7%9D+%D7%90%D7%99%D7%A8%D7%95%D7%A2%D7%99%D7%9D,,4.3,3037,"המלך חסן השני 12, קרית עקרון"
קולוניה | Colonia גן אירועים,077-2310883,אולמות וגנים,https://engaged.co.il/המלצות/קולוניה-אירועים.html,,,053-9426142,http://www.colonia-events.co.il/,https://www.google.com/maps/search/?api=1&query=קולוניה+Colonia+גן+אירועים+המדע+18+רחובות,http://www.colonia-events.co.il/wp-content/uploads/2021/06/colonia-logo.png,4.4,1818,"המדע 18, רחובות"
מאורסים ארגון חתונה,055-4547279,אולמות וגנים,https://engaged.co.il/המלצות/מאורסים-ארגון-חתונה.html,,,,https://maorashim.co.il,,,,,"רח' לישנסקי 4, מתחם 7 הכוכבים, ראשון לציון מערב, ישראל"
גן ורדים מחיר מנה,,אולמות וגנים,https://engaged.co.il/המלצות/גן-ורדים.html,,,03-9664747,https://ganvradim.co.il/,,https://ganvradim.co.il/wp-content/uploads/2021/07/logo-gan-vradim.png,,,"הרצל 150, ראשון לציון"
קויה | Coya Events מתחם אירועים במרכז,055-4528115,אולמות וגנים,https://engaged.co.il/המלצות/קויה-אירועים.html,,,03-303-5060,https://coya.co.il/,,,,71,"הרוקמים 27, חולון"
הרמוניה בגן | Harmonia Bagan גן אירועים,077-729-9192,אולמות וגנים,https://engaged.co.il/המלצות/הרמוניה-בגן.html,,,08-8682282,https://harmoniabagan.co.il,"https://www.google.com/maps/place/%D7%94%D7%A8%D7%9E%D7%95%D7%A0%D7%99%D7%94+%D7%91%D7%92%D7%9F/@31.785055,34.757021,17z/data=!4m8!3m7!1s0x1502b48200000001:0x2281111111111111!8m2!3d31.785055!4d34.757021!9m1!1b1!16s%2Fg%2F11c2100000?hl=iw&entry=ttu",https://harmoniabagan.co.il/wp-content/uploads/2023/07/logo-harmonia-bagan.png,4.3,2950,"האדום 28, פארק תעשיות כנות, גדרה, ישראל"
יער עין חמד | Ein Hemed אירועים בלב הטבע,077-2317903,אולמות וגנים,https://engaged.co.il/המלצות/עין-חמד.html,,,077-2319032,https://ein-hemed.co.il,,https://ein-hemed.co.il/wp-content/uploads/2020/07/logo-ein-hemed.png,,,"גן לאומי עין חמד, ירושלים, ישראל"
ים מקום לאירועים | YAM מקום לאירועים,077-2305474,אולמות וגנים,https://engaged.co.il/המלצות/ים-מקום-לאירועים.html,,,072-2158212,https://yam-events.co.il/,https://www.google.com/maps/search/?api=1&query=ים+מקום+לאירועים+YAM+מקום+לאירועים+Shtei+ha-Akhayot+St+2+Tel+Aviv-Yafo,,4.1,172,"Shtei ha-Akhayot St 2, Tel Aviv-Yafo, Tel Aviv District, Israel"
צל החורש | Tzhel Hahoresh גן אירועים,077-2306356,אולמות וגנים,https://engaged.co.il/המלצות/צל-החורש.html,,,054-5503301,https://www.tzhelhahoresh.co.il,https://www.google.com/search?q=%D7%A6%D7%9C+%D7%94%D7%97%D7%95%D7%A8%D7%A9+Tzhel+Hahoresh+%D7%92%D7%9F+%D7%90%D7%99%D7%A8%D7%95%D7%A2%D7%99%D7%9D+Google+Maps+reviews,,4.4,1288,בית ברל
דסטינו | Destino גן אירועים במושב שורש,077-2306488,אולמות וגנים,https://engaged.co.il/המלצות/דסטינו.html,,,02-533-3135,https://destino.co.il,,,,,"מושב שורש, ישראל"
סינקו אירועים | Synco Events מתחם לחתונות בוטיק,,אולמות וגנים,https://engaged.co.il/המלצות/סינקו-אירועים.html,,,052-9124520,https://synco.co.il/,,,,,"רח' ענטין 10, רחובות"
חצר המלכה מתחם אירועים,077-9977945,אולמות וגנים,https://engaged.co.il/המלצות/חצר-המלכה.html,,,08-3819071,https://www.h-m.co.il/,"https://www.google.com/maps/place/%D7%97%D7%A6%D7%A8+%D7%94%D7%9E%D7%9C%D7%9B%D7%94/@31.768677,34.747191,17z/data=!4m8!3m7!1s0x1502e1511218521b:0x524142146200000!8m2!3d31.768677!4d34.747191!9m1!1b1!16s%2Fg%2F11c26_111_",https://www.h-m.co.il/wp-content/uploads/2023/04/logo-hazar-hamalka.png,4.4,3100,"אדום 2, צומת כנות, כנות, 8381500, Israel"
say אירועים | SAY Events מתחם אירועי בוטיק,077-9972393,אולמות וגנים,https://engaged.co.il/המלצות/say-אירועים.html,,,052-511-1311,https://say-events.co.il,"https://www.google.com/maps/search/?api=1&query=SAY+Events+%D7%9E%D7%AA%D7%97%D7%9D+%D7%90%D7%99%D7%A8%D7%95%D7%A2%D7%99+%D7%91%D7%95%D7%98%D7%99%D7%A7,Moshe+Sharett+19,+Rishon+LeZion",,4.5,684,"משה שרת 19, ראשון לציון"
הבוסתן פינה בטבע | Boaz Arnon גן ארועים,,אולמות וגנים,https://engaged.co.il/המלצות/הבוסתן-פינה-בטבע.html,,,054-4923396,https://habustan.co.il,,https://habustan.co.il/wp-content/uploads/2020/07/logo-habustan.png,,,נווה צוף
אמארה | Amare גן אירועים,,אולמות וגנים,https://engaged.co.il/המלצות/אמארה-אירועים.html,,,050-3707079,http://www.amare.co.il,,,,,"רחוב האלופים 1, נס ציונה"
הרמוזו | Hermozo גן אירועים,077-8053210,אולמות וגנים,https://engaged.co.il/המלצות/הרמוזו-החדש-אירועים.html,,,052-9095176,https://hermozo.co.il,,https://www.zooz360.co.il//templates/zooz360/user_files/VTour/VTour359/vtour/panos/point1.tiles/preview.jpg,,,"HaShdera HaMerkazit 16, Modi'in Maccabim-Re'ut, 71700, Israel"
קסאנאדו | Xanadu אירועים,077-729-6633,אולמות וגנים,https://engaged.co.il/המלצות/קסאנאדו.html,,,+972 3-934-5500,xanadu.co.il,"https://www.google.com/maps/search/?api=1&query=קסאנאדו+Xanadu+אירועים+בן+ציון+גליס+50,+פתח+תקווה",,4.0,1589,"בן ציון גליס 50, פתח תקווה, ישראל"
דריה | DARYA אירועי בוטיק,077-8046770,אולמות וגנים,https://engaged.co.il/המלצות/דריה.html,,,052-8166477,https://daryaevents.co.il,,,,208,"העמל 7, בת ים"
אטורה | Atura גן אירועים,,אולמות וגנים,https://engaged.co.il/המלצות/אטורה.html,,,077-2308703,https://atura.co.il,,,,618,"מיני ישראל, דואר נע שמשון, לאטרון 9976200"
לארה Lara Events,,אולמות וגנים,https://engaged.co.il/המלצות/לארה.html,,,077-6706696,https://lara-events.co.il/,,,,,"ירוק, כנות, Israel"
העמק | haemek event בית רגעים וזכרונות,,אולמות וגנים,https://engaged.co.il/המלצות/העמק-אירועים.html,,,053-3302390,https://www.haemek-events.co.il/,,,,,"צבי הנחל 1, פארק תעשיות, עמק חפר, נתניה"
ירוק על המים | Yarok Events גן אירועים,077-2312482,אולמות וגנים,https://engaged.co.il/המלצות/ירוק-על-המים.html,,,08-9418851,https://www.yarok.co.il,,https://static.wixstatic.com/media/07d89b_02127264627443178044702a20164802~mv2.jpg,,,"קיבוץ חולדה, ד.נ עמק שורק 76842"
אמורה | Amore גן אירועים,,אולמות וגנים,https://engaged.co.il/המלצות/אמורה-אירועים.html,,,03-375-2507,amore-events.co.il,"https://www.google.com/maps/search/?api=1&query=%D7%90%D7%9E%D7%95%D7%A8%D7%94+Amore+%D7%92%D7%9F+%D7%90%D7%99%D7%A8%D7%95%D7%A2%D7%99%D7%9D+%D7%91%D7%9F+%D7%A6%D7%99%D7%95%D7%9F+%D7%92%D7%9C%D7%99%D7%A1+28,+%D7%A4%D7%AA%D7%97+%D7%AA%D7%A7%D7%95%D7%95%D7%94&query_place_id=ChIJ02122178961276867_647497462204147168_n",,4.4,621,"בן ציון גליס 28, פתח תקווה"
אפקה,,אולמות וגנים,https://engaged.co.il/המלצות/אפקה-אירועים.html,,,03-7442333,https://afeka-events.co.il/,https://www.google.com/maps/search/?api=1&query=אפקה+אירועים+בני+אפרים+228+תל+אביב+יפו,,,,"בני אפרים 228, תל אביב יפו"
טראסק | Trask אירועים על הים בתל אביב,,אולמות וגנים,https://engaged.co.il/המלצות/טראסק.html,,,077-2303188,https://www.trask.co.il/,"https://www.google.com/maps/place/%D7%98%D7%A8%D7%90%D7%A1%D7%A7+%7C+Trask+%D7%90%D7%99%D7%A8%D7%95%D7%A2%D7%99%D7%9D+%D7%A2%D7%9C+%D7%94%D7%99%D7%9D+%D7%91%D7%AA%D7%9C+%D7%90%D7%91%D7%99%D7%91/@32.097076,34.768644,17z/data=!4m8!3m7!1s0x151d4b8100000001:0x2281111111111111!8m2!3d32.097076!4d34.768644!9m1!1b1!16s%2Fg%2F11c21_1111?hl=iw&entry=ttu",https://www.trask.co.il/wp-content/uploads/2023/07/trask-logo.svg,4.3,1038,"יוסף יקותיאלי 6, נמל תל אביב"
אגדתא | Agadata,,אולמות וגנים,https://engaged.co.il/המלצות/אגדתא.html,,,08-858-6665,https://agadata.com,"https://www.google.com/maps/search/?api=1&query=%D7%90%D7%92%D7%93%D7%AA%D7%90+Agadata+%D7%9E%D7%95%D7%A2%D7%A6%D7%94+%D7%90%D7%96%D7%95%D7%A8%D7%99%D7%AA+%D7%99%D7%95%D7%90%D7%91,+%D7%A6%D7%95%D7%9E%D7%AA+%D7%A8%D7%90%D7%9D",,,2712,"מועצה אזורית יואב, צומת ראם, ד.נ 78000"
גן הפקאן | Gan Hapekan מתחם אירוח רמת הכובש,,אולמות וגנים,https://engaged.co.il/המלצות/גן-הפקאן.html,,,+972 9-747-4447,https://ganhapekan.co.il/,"https://www.google.com/maps/search/?api=1&query=גן+הפקאן+מתחם+אירוח+רמת+הכובש+רמת+הכובש,+4493000,+ישראל",https://ganhapekan.co.il/wp-content/uploads/2023/07/Gan-hapekan-song-dark-green.png,4.3,1401,"רמת הכובש, 4493000, ישראל"
אמיליה גן אירועים,,אולמות וגנים,https://engaged.co.il/המלצות/אמיליה.html,,,077-9978167,https://emilia-events.co.il,https://www.google.com/maps/search/אמיליה+גן+אירועים+יעקב+נחמיאס+1+ראשון+לציון,,,637,"יעקב נחמיאס 1, ראשון לציון"
תרין | Tarin מתחם אירועים וכנסים,077-9971685,אולמות וגנים,https://engaged.co.il/המלצות/תרין.html,,,0554539324,https://www.tarin.co.il/,"https://www.google.com/maps/place/%D7%AA%D7%A8%D7%99%D7%9F+-+%D7%9E%D7%AA%D7%97%D7%9D+%D7%90%D7%99%D7%A8%D7%95%D7%A2%D7%99%D7%9D+%D7%95%D7%9B%D7%A0%D7%A1%D7%99%D7%9D/@31.942796,34.801625,17z/data=!4m8!3m7!1s0x1502b21000000001:0x221319c522222222!8m2!3d31.942796!4d34.801625!9m1!1b1!16s%2Fg%2F11f0101010",https://www.tarin.co.il/wp-content/uploads/2023/04/tarin-logo-new.png,4.4,1675,"רח׳ אליעזר מזל 6, ראשון לציון"
גבריאל | Gavriel מתחם אירועים,,אולמות וגנים,https://engaged.co.il/המלצות/גבריאל-אירועים.html,,,077-2306092,https://www.gavri-el.co.il,"https://www.google.com/maps/place/%D7%92%D7%91%D7%A8%D7%99%D7%90%D7%9C+%D7%9E%D7%AA%D7%97%D7%9D+%D7%90%D7%99%D7%A8%D7%95%D7%A2%D7%99%D7%9D/@31.905648,34.789197,17z/data=!4m8!3m7!1s0x1502b70422111111:0x1111111111111111!8m2!3d31.905648!4d34.789197!9m1!1b1!16s%2Fg%2F11b7111111",https://www.gavri-el.co.il/wp-content/uploads/2023/02/logo.png,4.6,1000+,"הספורט 4, צומת בית עובד, נס ציונה"
אריא | Arya גן אירועים בשוהם,077-8050052,אולמות וגנים,https://engaged.co.il/המלצות/אריא-שוהם.html,,,03-518-1818,,,,,,"ברוש 2, שוהם"
גני דל וינו | Del Vino פתח תקווה,,אולמות וגנים,https://engaged.co.il/המלצות/גני-דל-וינו.html,,,03-934-7035,,,,,,"הירקונים 67, פתח תקווה"
ממילא | Mamila events גן אירועים,077-2306467,אולמות וגנים,https://engaged.co.il/המלצות/ממילא.html,,,08-6990066,mamila.co.il,https://www.google.com/maps/search/%D7%9E%D7%9E%D7%99%D7%9C%D7%90+Mamila+events+%D7%92%D7%9F+%D7%90%D7%99%D7%A8%D7%95%D7%A2%D7%99%D7%9D+%D7%90%D7%A9%D7%93%D7%95%D7%93,,4.2,354,"האורגים 3, אשדוד"
ריין אירועים | Rain גן אירועים חדש בראשון לציון,077-9971114,אולמות וגנים,https://engaged.co.il/המלצות/ריין-ראשון.html,,,077-8054122,https://rain-events.co.il,,,,,"לזרוב 23, ראשון לציון"
טזורו | Tesoro גן אירועים,077-2305009,אולמות וגנים,https://engaged.co.il/המלצות/טזורו-אירועים.html,,,055-4339224,https://www.tesoro.co.il/,,,,,"משה סנה 199, רמת השרון"
הגבעה | Hagiva גן אירועים,,אולמות וגנים,https://engaged.co.il/המלצות/הגבעה-ברנר-אירועים.html,,,03-3094071,https://www.hagiva-event.co.il/,,,,,"קיבוץ גבעת ברנר, Israel"
עדיה | ADIA Evants אירועים וכנסים,077-8040229,אולמות וגנים,https://engaged.co.il/המלצות/עדיה.html,,,08-9478444,adia.co.il,,,4.5,1764,"שידלובסקי 3, יבנה"
ואסקו | Vasco בית לאירועים,077-2305002,אולמות וגנים,https://engaged.co.il/המלצות/ואסקו.html,,,03-6854444,https://www.vascoevents.co.il,https://www.google.com/maps/search/?api=1&query=%D7%95%D7%90%D7%A1%D7%A7%D7%95+Vasco+%D7%91%D7%99%D7%AA+%D7%9C%D7%90%D7%99%D7%A8%D7%95%D7%A2%D7%99%D7%9D+%D7%94%D7%9E%D7%9C%D7%90%D7%9B%D7%94+47+%D7%97%D7%95%D7%9C%D7%95%D7%9F,https://static.wixstatic.com/media/133d1c_50170094773a4935939223126759535b~mv2.png,4.5,610,"המלאכה 47, חולון"
אלוהה אירועים | Aloha,055-4311282,אולמות וגנים,https://engaged.co.il/המלצות/אלוהה.html,,,050-4242420,https://aloha-events.co.il,,,,,"פנחס בלקני 6, נתניה"
אמדו | Amado הרצליה,077-2309592,אולמות וגנים,https://engaged.co.il/המלצות/אמדו-הרצליה.html,,,077-2307497,https://amado.co.il,"https://www.google.com/maps/place/Amado/@32.164392,34.821361,17z/data=!4m8!1m2!2m1!1sאמדו+Amado+הרצליה!3m4!1s0x151d3947b0e0d69f:0x397753171329124!8m2!3d32.164392!4d34.821361?hl=iw&entry=ttu",https://amado.co.il/wp-content/uploads/2023/03/amado-logo.png,4.4,1038,"ז'בוטינסקי 5, קאנטרי קלאב הרצליה"
לילות קסומים | Lelot Ksumim גן אירועים בחפץ חיים,077-7299535,אולמות וגנים,https://engaged.co.il/המלצות/לילות-קסומים.html,,,08-8593879,https://lelot-ksumim.co.il/,,,,,קיבוץ חפץ חיים בסמוך לצומת כנות
נסיה | Nesya מתחם חלומות ואירועים,077-2305003,אולמות וגנים,https://engaged.co.il/המלצות/נסיה.html,,,08-8535353,https://nesyaevent.co.il/,"https://www.google.com/maps/place/%D7%A0%D7%A1%D7%99%D7%94+-+%D7%9E%D7%AA%D7%97%D7%9D+%D7%97%D7%9C%D7%95%D7%9E%D7%95%D7%AA+%D7%95%D7%90%D7%99%D7%A8%D7%95%D7%A2%D7%99%D7%9D/@31.777098,34.802143,17z/data=!4m8!3m7!1s0x1502b00000000000:0x1234567890abcdef!8m2!3d31.777098!4d34.802143!9m1!1b1!16s%2Fg%2F11c21_2222?hl=iw&entry=ttu",https://nesyaevent.co.il/wp-content/uploads/2024/01/logo-nesya.png,4.3,3368,"צומת ראם, על מפגש כביש 40 וכביש 3 (סמוך ליציאה מכביש 6)"
58 גן אירועים | Fifty-8 גן אירועים,,אולמות וגנים,https://engaged.co.il/המלצות/58-גן-אירועים.html,,,050-2585858,https://www.fifty8.co.il,https://www.google.com/maps/search/58+%D7%92%D7%9F+%D7%90%D7%99%D7%A8%D7%95%D7%A2%D7%99%D7%9D+Fifty-8+%D7%92%D7%9F+%D7%90%D7%99%D7%A8%D7%95%D7%A2%D7%99%D7%9D+%D7%94%D7%99%D7%A8%D7%A7%D7%95%D7%A0%D7%99%D7%9D+58+%D7%A4%D7%AA%D7%97+%D7%AA%D7%A7%D7%95%D7%95%D7%94,"https://static.wixstatic.com/media/2a222c_1117135805174521921c226227652c7f~mv2.png/v1/fill/w_200,h_100,al_c,q_85,usm_0.66_1.00_0.01,enc_auto/58%20logo.png",4.5,2169,"HaYarkonim St 58, Petah Tikva, Israel"
איסט תל אביב | East tlv,077-4447232,אולמות וגנים,https://engaged.co.il/המלצות/איסט-תל-אביב.html,,,055-4539274,http://east-tlv.co.il/,,,,,"מיטב 13, תל אביב"
יד חרוצים,,אולמות וגנים,https://engaged.co.il/המלצות/יד-חרוצים-אירועים.html,,,03-7378338,,,,,356,"יד חרוצים 11, תל אביב יפו"
אלה אירועים | Ella Events גן אירועים,077-2308922,אולמות וגנים,https://engaged.co.il/המלצות/אלה-אירועים.html,,,055-453-9380,https://ella-events.co.il,"https://www.google.com/maps/place/%D7%90%D7%9C%D7%94+%D7%90%D7%99%D7%A8%D7%95%D7%A2%D7%99%D7%9D%E2%80%AD/@31.910971,34.793898,17z/data=!4m8!3m7!1s0x1502b11111111111:0x1111111111111111!8m2!3d31.910971!4d34.793898!9m1!1b1!16s%2Fg%2F11c6222222?hl=iw&entry=ttu",https://ella-events.co.il/wp-content/uploads/2023/04/ella-logo-new.png,4.2,1494,"האלופים 1, נס ציונה"
מרקטו אירועים | Mercato CITY.LOVE.EVENTS,077-8051613,אולמות וגנים,https://engaged.co.il/המלצות/מרקטו-אירועים.html,,,+972 50-832-2807,https://mercato-events.co.il,,,,,"הכשרת הישוב 3, ראשון לציון"
סיטרוס אירועים | Citrus,,אולמות וגנים,https://engaged.co.il/המלצות/סיטרוס-גן-אירועים.html,,,09-8991331,https://www.citrus-events.co.il/,"https://www.google.com/maps/search/סיטרוס+אירועים+Citrus+ספיר+1,+אבן+יהודה",https://www.citrus-events.co.il/wp-content/uploads/2021/04/412124.jpg,4.6,1200,"הספיר 1, אבן יהודה"
טאי אירועים | tai אולם בוטיק בראשון לציון,077-9979466,אולמות וגנים,https://engaged.co.il/המלצות/טאי-אירועים.html,,,077-2310602,https://tai-events.com,https://www.google.com/maps/search/?api=1&query=טאי+אירועים+זאב+שלנג+4+ראשון+לציון,,4.9,314,"זאב שלנג 4, ראשון לציון"
קלואה | kalua אירועים על הים,055-4528111,אולמות וגנים,https://engaged.co.il/המלצות/קלואה.html,,,053-5983934,,,,,,"הטיילת 10, אשדוד"
גנני כנען,,אולמות וגנים,https://engaged.co.il/המלצות/גנני-כנען.html,,,,https://www.ganeycnaan.co.il/,https://www.google.com/maps/search/גני+כנען+קיבוץ+נען,,,,קיבוץ נען
ווקו | Voco גן ארועים פתוח,,אולמות וגנים,https://engaged.co.il/המלצות/ווקו.html,,,050-4245283,vocoevents.co.il,,,,,"אלטלנה 8, ראשון לציון"
הבית הירוק | Green house אולם אירועים בתל אביב,,אולמות וגנים,https://engaged.co.il/המלצות/הבית-הירוק.html,,,03-9666434,,,,,,"Dr George Wise St 24, Tel Aviv-Yafo, Israel"
טירה על הים | Tira By The Sea מתמחים בחתונת בוטיק בים,077-2305001,אולמות וגנים,https://engaged.co.il/המלצות/טירה-על-הים.html,,,08-9301868,https://www.tira-events.co.il,"https://www.google.com/maps/place/%D7%98%D7%99%D7%A8%D7%94+%D7%A2%D7%9C+%D7%94%D7%99%D7%9D%E2%80%AD/@31.794688,34.634676,17z/data=!4m8!3m7!1s0x1502b11111111111:0x1111111111111111!8m2!3d31.794688!4d34.634676!9m1!1b1!16s%2Fg%2F11f0000000",,4.5,558,"1 Mafkura, Ashdod"
שאטו | Shato אירועים,,אולמות וגנים,https://engaged.co.il/המלצות/שאטו-אירועים-בילו.html,,,08-9418000,https://www.shato.co.il,"https://www.google.com/maps/place/%D7%A9%D7%90%D7%98%D7%95+%D7%90%D7%99%D7%A8%D7%95%D7%A2%D7%99%D7%9D%E2%80%AD/@31.873204,34.814394,17z/data=!4m8!3m7!1s0x1502b79c0b0b0b0b:0x1502b79c0b0b0b0b!8m2!3d31.873204!4d34.814394!9m1!1b1!16s%2Fg%2F11c2b79c0b0b0b0b?hl=iw",,4.2,1910,"בוסי סנט ג'ורג' 13, קריית עקרון"
בדולינה | Badolina אירועים,077-2319669,אולמות וגנים,https://engaged.co.il/המלצות/בדולינה.html,,,09-8890055,https://badolina.co.il,"https://www.google.com/maps/place/%D7%91%D7%93%D7%95%D7%9C%D7%99%D7%A0%D7%94+-+%D7%90%D7%95%D7%9C%D7%9D+%D7%90%D7%99%D7%A8%D7%95%D7%A2%D7%99%D7%9D+%D7%91%D7%A9%D7%A8%D7%95%D7%9F/@32.193026,34.880347,17z/data=!4m8!3m7!1s0x151d374400000001:0x1234567890abcdef!8m2!3d32.193026!4d34.880347!9m1!1b1!16s%2Fg%2F11b6_1234?hl=iw&entry=ttu",https://badolina.co.il/wp-content/uploads/2023/04/badolina-logo.png,4.3,848,"כליל החורש 1, רעננה"
לאגו | LAGO - אולם אירועים,077-9974970,אולמות וגנים,https://engaged.co.il/המלצות/לאגו.html,,,,http://www.lago-events.co.il/,,https://lago-events.co.il/wp-content/uploads/2023/07/lago-logo-white.png,,,"המאה ועשרים 6, ראשון לציון"
יער - מושב אורה | Yaar events,077-2306474,אולמות וגנים,https://engaged.co.il/המלצות/יער.html,,,02-501-1700,https://yaar-events.co.il,,,,,"Yasmin St 1, Ora, Israel"
אדאו בכנות | Adeo דף המלצות ומידע,,אולמות וגנים,https://engaged.co.il/המלצות/אדאו.html,,,052-9095491,https://www.adeo.co.il,,https://www.adeo.co.il/wp-content/uploads/2023/07/logo-adeo-new.png,,,"האדום 3, צומת כנות"
יניב מאורסים מאורסות | yaniv baruh חתונות הכל כלול,055-4547293,אולמות וגנים,https://engaged.co.il/המלצות/יניב-ברוך-מפיק.html,,,050-4447814,http://yanivbaruch.co.il,,https://orlykayam.com/wp-content/uploads/2020/07/yaniv-baruch-logo-1.jpg,,,"יוסף לישנסקי 4, ראשון לציון"
אדמה אירועים | ADAMA רגעים של אושר,,אולמות וגנים,https://engaged.co.il/המלצות/אדמה.html,,,08-8565060,https://adama-events.co.il,,https://adama-events.co.il/wp-content/uploads/2020/04/adama-logo.png,,,"האומן 9, אשדוד"
אהובת הספן | Ahuvat Hasapan אירועים,077-9978021,אולמות וגנים,https://engaged.co.il/המלצות/אהובת-הספן.html,,,054-9491175,https://ahuvat-hasapan.co.il/,,https://ahuvat-hasapan.co.il/wp-content/uploads/2022/03/logo-ahuvat-hasapan.png,,910,"יונה הנביא 2, אשדוד"
לואר | Luar Events אולם אירועים,,אולמות וגנים,https://engaged.co.il/המלצות/לואר.html,,,08-6766111,luarevents.com,"https://www.google.com/maps/search/?api=1&query=לואר+Luar+Events+אולם+אירועים+השדרה+המרכזית+15,+מודיעין",,,1001,"השדרה המרכזית 15, מודיעין"
תיאודור | theodor חתונות מיוחדות בהרצליה,077-9968776,אולמות וגנים,https://engaged.co.il/המלצות/fabiano-group.html,,,09-8660999,https://theodor.co.il,"https://www.google.com/maps/place/%D7%AA%D7%99%D7%90%D7%95%D7%93%D7%95%D7%A8+%7C+theodor+%D7%97%D7%AA%D7%95%D7%A0%D7%95%D7%AA+%D7%9E%D7%99%D7%95%D7%97%D7%93%D7%95%D7%AA+%D7%91%D7%94%D7%A8%D7%A6%D7%9C%D7%99%D7%94/@32.164348,34.848831,17z/data=!4m8!3m7!1s0x151d392300000001:0x1111111111111111!8m2!3d32.164348!4d34.848831!9m1!1b1!16s%2Fg%2F11f0000000",https://theodor.co.il/wp-content/uploads/2023/03/theodor-logo.png,4.6,108,"ז'בוטינסקי 15, הרצליה"
"טאו אירועים | Tao Events דף מידע, המלצות וכתבות.",,אולמות וגנים,https://engaged.co.il/המלצות/טאו-כנות.html,,,077-9979290,https://www.tao-events.co.il/,,"https://static.wixstatic.com/media/9d0124_17409279430c4061811802315264311c~mv2.png/v1/fill/w_200,h_100,al_c,q_85,usm_0.66_1.00_0.01,enc_auto/TAO%20%D7%9C%D7%95%D7%92%D7%95.png",,,ירוק 64 כנות
אווניו | Avenue מרכז אירועים וקונגרסים,073-7588572,אולמות וגנים,https://engaged.co.il/המלצות/אווניו-אירועים.html,,,03-9715000,https://avenue-events.co.il,"https://www.google.com/maps/search/?api=1&query=%D7%90%D7%95%D7%95%D7%A0%D7%99%D7%95+Avenue+%D7%9E%D7%A8%D7%9B%D7%96+%D7%90%D7%99%D7%A8%D7%95%D7%A2%D7%99%D7%9D+%D7%95%D7%A7%D7%95%D7%A0%D7%92%D7%A8%D7%A1%D7%99%D7%9D+%D7%93%D7%A8%D7%9A+%D7%99%D7%A6%D7%97%D7%A7+%D7%A9%D7%93%D7%94+1,+%D7%A7%D7%A8%D7%99%D7%AA+%D7%A9%D7%93%D7%94+%D7%94%D7%AA%D7%A2%D7%95%D7%A4%D7%94",https://avenue-events.co.il/wp-content/uploads/2021/08/logo.png,8.8,3386,"דרך יצחק שדה 1, קריית שדה התעופה"
חצר נצר | Hatzar Nezer גן אירועים,077-9978601,אולמות וגנים,https://engaged.co.il/המלצות/חצר-נצר.html,,,08-9213939,https://www.hnetzer.co.il/,"https://www.google.com/maps/place/%D7%97%D7%A6%D7%A8+%D7%A0%D7%A6%D7%A8/@31.907954,34.800049,17z/data=!4m8!3m7!1s0x1502b6622832267f:0x413222162601912!8m2!3d31.907954!4d34.800049!9m1!1b1!16s%2Fg%2F11c212239w?hl=iw&entry=ttu",https://www.hnetzer.co.il/wp-content/uploads/2023/07/logo-hnetzer.png,4.6,2772,קיבוץ נצר סירני
קדם אירועים | Kedem,077-8050463,אולמות וגנים,https://engaged.co.il/המלצות/קדם.html,,,03-620-7030,https://www.kedem.io,,,,,קיבוץ בארות יצחק
ויה | Via Events גן אירועים,077-4447555,אולמות וגנים,https://engaged.co.il/המלצות/ויה-אירועים.html,,,08-6343550,http://www.via-events.co.il/,"https://www.google.com/maps/place/%D7%95%D7%99%D7%94+Via+Events+%D7%92%D7%9F+%D7%90%D7%99%D7%A8%D7%95%D7%A2%D7%99%D7%9D/@34.795804,34.795804,17z/data=!4m8!1m2!2m1!1s%D7%95%D7%99%D7%94+Via+Events+%D7%92%D7%9F+%D7%90%D7%99%D7%A8%D7%95%D7%A2%D7%99%D7%9D!3m4!1s0x1502b11111111111:0x1111111111111111!8m2!3d34.795804!4d34.795804?hl=iw&entry=ttu",https://www.via-events.co.il/wp-content/uploads/2020/07/logo-via-events.png,4.3,1188,"הנבחרת 6, נס ציונה"
גאיה נס ציונה | Gaya גן אירועים,077-7299534,אולמות וגנים,https://engaged.co.il/המלצות/גאיה-גן-אירועים.html,,,077-9968555,https://gaya-garden.co.il,"https://www.google.com/maps/place/%D7%92%D7%90%D7%99%D7%94+%D7%92%D7%9F+%D7%90%D7%99%D7%A8%D7%95%D7%A2%D7%99%D7%9D+%D7%95%D7%9B%D7%A0%D7%A1%D7%99%D7%9D%E2%80%AD/@31.905668,34.796987,17z/data=!4m8!3m7!1s0x1502b11d00000001:0x1502b11d00000001!8m2!3d31.905668!4d34.796987!9m1!1b1!16s%2Fg%2F11c2011111?hl=iw&entry=ttu",https://gaya-garden.co.il/wp-content/uploads/2023/04/logo-gaya.png,4.6,"1,861","האלופים 7, נס ציונה"
קיבוץ אירועים מול הים | kibbutz אירועים,0737586898,אולמות וגנים,https://engaged.co.il/המלצות/קיבוץ-אירועים-מול-הים.html,,,054-9652099,kibbutz.events,,,,,"הטיילת 19, ראשון לציון"
קליי אירועים | clay event אולם אורבני יוקרתי,077-8041776,אולמות וגנים,https://engaged.co.il/המלצות/קליי-אירועים.html,,,079-5768895,https://clay.co.il/,,https://clay.co.il/wp-content/uploads/2022/01/clay-logo-white.png,,,"אלכסנדר ינאי 13, פתח תקווה"
גרייס | Grace ראשון לציון,077-9966631,אולמות וגנים,https://engaged.co.il/המלצות/גרייס-ראשון-לציון.html,,,050-5320005,grace-events.co.il,,,,,"אצ""ל 9, ראשון לציון"
דואאה | Duee גן אירועים על אגם קסום,077-9707183,אולמות וגנים,https://engaged.co.il/המלצות/דואאה.html,,,,https://www.duee-bylago.co.il,,,,,"המאה ועשרים 6, ראשון לציון"
פראיסו | Paraiso events פראיסו אירועים,,אולמות וגנים,https://engaged.co.il/המלצות/פראיסו.html,,,050-333-3593,,,,,,"רוז'נסקי 12, ראשון לציון"
טופ דוראן,,אולמות וגנים,https://engaged.co.il/המלצות/טופ-דוראן-גן-אירועים.html,,,08-9466727,,,,,,"דרך גד פיינשטיין 101, רחובות"
ויגו | VIGO Events מתחם אירועים,077-2312042,אולמות וגנים,https://engaged.co.il/המלצות/ויגו-מתחם-אירועים-וכנסים.html,,,077-804-0063,vigo-events.co.il,"https://www.google.com/maps/place/%D7%95%D7%99%D7%92%D7%95+VIGO+Events+%D7%9E%D7%AA%D7%97%D7%9D+%D7%90%D7%99%D7%A8%D7%95%D7%A2%D7%99%D7%9D/@31.874984,34.808037,17z/data=!3m1!4b1!4m6!3m5!1s0x1502b70440000001:0x1b2c3d4e5f6a7b8c!8m2!3d31.874984!4d34.810611!16s%2Fg%2F11f0_00000!10m1!1e1",,4.1,866,"בוסי סנט ג'ורג 9, צומת ביל""ו, קריית עקרון"
ואמוס | Vamoss גן אירועים,077-8045219,אולמות וגנים,https://engaged.co.il/המלצות/ואמוס-אירועים.html,,,050-8004089,https://vamoss.co.il,,,,,"בן ציון גליס פינת הרכבת 55, פתח תקווה"
ג'ויה מיה | Gioia Mia גן אירועים,077-6670148,אולמות וגנים,https://engaged.co.il/המלצות/ג-ויה-מיה.html,,,03-9021466,https://www.gioiamia.co.il/,"https://www.google.com/maps/search/ג'ויה+מיה+Gioia+Mia+גן+אירועים+קיבוץ+נחשונים/@32.067399,34.939000,17z/data=!3m1!4b1!4m8!3m7!1s0x151d36b7a7b7a7b7:0x123456789abcdef!8m2!3d32.067399!4d34.939000!9m1!1b1?hl=iw&entry=ttu",https://static.wixstatic.com/media/12345_GioiaMia_Logo.png,4.5,1474,קיבוץ נחשונים
דרזנר 5 | Drezner 5 גן אירועים,,אולמות וגנים,https://engaged.co.il/המלצות/דרזנר-5.html,,,079-5768902,https://drezner5.co.il,https://www.google.com/maps/search/?api=1&query=דרזנר+5+Drezner+5+גן+אירועים+פתח+תקווה,https://drezner5.co.il/wp-content/uploads/2023/03/drezner5-logo.png,8.8,505,"יחיאל דרזנר 5, פתח תקווה"
ונישן | Venetian גן אירועים,0777295983,אולמות וגנים,https://engaged.co.il/המלצות/ונישן.html,,,0778052143,https://venetian-israel.com,"https://www.google.com/maps/search/ונישן+Venetian+גן+אירועים+נחשון+7,+פתח+תקווה",,,,"נחשון 7, פתח תקווה"
באסיקו | Basico אירועים,077-4447555,אולמות וגנים,https://engaged.co.il/המלצות/באסיקו.html,,,03-303-0888,https://basico-events.co.il/,https://www.google.com/maps/search/באסיקו+Basico+אירועים+הנבחרת+6+נס+ציונה,,4.6,450,"הנבחרת 6, נס ציונה, Israel"
נוביה אירועים | Novia,,אולמות וגנים,https://engaged.co.il/המלצות/נוביה-אירועים.html,,,04-8408080,https://novia.org.il,"https://www.google.com/maps/search/%D7%A0%D7%95%D7%91%D7%99%D7%94+%D7%90%D7%99%D7%A8%D7%95%D7%A2%D7%99%D7%9D+Novia+%D7%97%D7%9C%D7%95%D7%A6%D7%99+%D7%94%D7%AA%D7%A2%D7%A9%D7%99%D7%99%D7%94+67,+%D7%97%D7%99%D7%A4%D7%94",https://easy.co.il/images/orig/1895/15891916891589191689.jpg,4.3,1874,"חלוצי התעשייה 67, חיפה"
סקיי גארדן | SKY GARDEN פארק הייטק יוקנעם,073-7586811,אולמות וגנים,https://engaged.co.il/המלצות/סקיי-גארדן.html,,,04-8304444,https://skygarden.co.il/,,,,,"HaYozma St 6, Yokne'am Illit, 2069815, Israel"
כינורות | Kinorot גן אירועים,,אולמות וגנים,https://engaged.co.il/המלצות/כינורות-אירועים.html,,,0524090444,https://www.kinorot.co.il/,"https://www.google.com/maps/search/כינורות+Kinorot+גן+אירועים+חלוצי+התעשייה+36,+חיפה",https://www.kinorot.co.il/wp-content/uploads/2020/08/logo.png,4.1,1855,"חלוצי התעשייה 36, חיפה"
שמורתה | shmurata גן אירועים,,אולמות וגנים,https://engaged.co.il/המלצות/שמורתה-אירועים.html,,,04-8784848,https://www.shmurata.co.il,https://www.google.com/maps/place/%D7%A9%D7%9E%D7%95%D7%A8%D7%AA%D7%94+%D7%92%D7%9F+%D7%90%D7%99%D7%A8%D7%95%D7%A2%D7%99%D7%9D%E2%80%AD/data=!4m8!3m7!1s0x151d682411111111:0x1111111111111111!8m2!3d32.800045!4d35.078976!9m1!1b1!16s%2Fg%2F11c21111111,,4.6,"1,000+",קיבוץ אפק
הינומה | Hinooma גן אירועים,,אולמות וגנים,https://engaged.co.il/המלצות/הינומה-אירועים.html,,,077-996-6070,hinooma.co.il,https://www.google.com/maps/search/הינומה+Hinooma+גן+אירועים+דרך+בר+יהודה+96+נשר,,4.6,34,"דרך בר יהודה 96, נשר"
אולם מגדל חיפה אירועי בוטיק באווירה חמה,,אולמות וגנים,https://engaged.co.il/המלצות/אולם-מגדל-חיפה.html,,,,https://haifatower.co.il,"https://www.google.com/maps/place/%D7%9E%D7%9C%D7%95%D7%9F+%D7%9E%D7%92%D7%93%D7%9C+%D7%97%D7%99%D7%A4%D7%94%E2%80%AD/@32.8078795,35.0009559,17z/data=!4m8!1m2!2m1!1s%D7%9E%D7%9C%D7%95%D7%9F+%D7%9E%D7%92%D7%93%D7%9C+%D7%97%D7%99%D7%A4%D7%94!3m4!1s0x151dbb28c5000001:0x228911579410141!8m2!3d32.8078795!4d35.0009559?hl=iw",https://haifatower.co.il/wp-content/uploads/2023/07/logo-migdal-haifa.png,3.9,1780,"הרצל 63, חיפה, 3321214"
אולמי לבן | Lavan Eruim גן אירועים,,אולמות וגנים,https://engaged.co.il/המלצות/לבן-אירועים.html,,,052-9170790,https://lavan-events.co.il/,,,,,"התעשייה 26, קרית אתא"
אדם וחווה | Adam Ve Hava Events גן אירועים,,אולמות וגנים,https://engaged.co.il/המלצות/אדם-וחווה-אירועים.html,,,079-5740365,,https://www.google.com/maps/search/?api=1&query=%D7%90%D7%93%D7%9D+%D7%95%D7%97%D7%95%D7%95%D7%94+Adam+Ve+Hava+Events+%D7%92%D7%9F+%D7%90%D7%99%D7%A8%D7%95%D7%A2%D7%99%D7%9D+%D7%97%D7%99%D7%A4%D7%94,,,1693,"קדושי יאסי 2, חיפה"
סילבר אירועים | SILVER EVENTS מתחם אירועים,,אולמות וגנים,https://engaged.co.il/המלצות/סילבר-אירועים.html,,,08-6722256,,,,,,"צומת סילבר, אשקלון"
המערה גן אירועים,,אולמות וגנים,https://engaged.co.il/המלצות/גן-אירועים-המערה.html,,,08-6874222,,,,,,"קיבוץ בית גוברין, 79370"
שרי אירועים | saray events,077-2309222,אולמות וגנים,https://engaged.co.il/המלצות/שרי-אירועים.html,,,0505295229,https://sarayevents.co.il,"https://www.google.com/maps/search/?api=1&query=שרי+אירועים+Saray+events,פאוור+סנטר+שער+אשקלון,+אשקלון",,5.0,9,"פאוור סנטר שער אשקלון, אשקלון, Israel"
ארבע עונות | Arba Onot גן אירועים בדרום,077-2303520,אולמות וגנים,https://engaged.co.il/המלצות/ארבע-עונות-אירועים.html,,,050-3700900,https://lp.arba-onot.co.il,,,,1696,קיבוץ ברור חיל
דוריה | Dorya אירועים,,אולמות וגנים,https://engaged.co.il/המלצות/דוריה.html,,,08-8505059,https://doryaevent.co.il,https://www.google.com/maps/search/?api=1&query=דוריה+Dorya+אירועים,,,2684,מתחם דוריה - צמוד למתחם חמי יואב על כביש 35 בין אשקלון לקריית גת
אחוזת דניאל | Ahuzat Daniel אירועים וכנסים,,אולמות וגנים,https://engaged.co.il/המלצות/אחוזת-דניאל.html,,,08-9933433,https://ahuzat-daniel.co.il,"https://www.google.com/maps/search/?api=1&query=אחוזת+דניאל+אירועים+וכנסים+היוגב+1,+נתיבות,+ישראל",,4.4,1491,"HaYogev 1, Netivot, Israel"
טרויה | Troya אירועים,,אולמות וגנים,https://engaged.co.il/המלצות/טרויה.html,,,1800-800-870,https://www.troya-garden.co.il/,"https://www.google.com/maps/place/%D7%98%D7%A8%D7%95%D7%99%D7%94+Troya+%D7%90%D7%99%D7%A8%D7%95%D7%A2%D7%99%D7%9D/@31.802874,34.721497,17z/data=!4m8!1m2!2m1!1s%D7%98%D7%A8%D7%95%D7%99%D7%94+Troya+%D7%90%D7%99%D7%A8%D7%95%D7%A2%D7%99%D7%9D!3m4!1s0x1502b11542475555:0x8922222222222222!8m2!3d31.802874!4d34.721497?hl=iw&entry=ttu",https://www.troya-garden.co.il/wp-content/uploads/2023/03/logo-black.png,4.3,2907,"מתחם בני דרום, אשדוד, ישראל"
הופה אירועים | OPA EVENTS,077-2303601,אולמות וגנים,https://engaged.co.il/המלצות/הופה-אירועים.html,,,+972 50-383-8026,https://opa-events.co.il/,,,,,"מתחם יכין, אשקלון, Israel"
האגם - אירועים בגן הבוטני | haagam אירועים בגן הבוטני,,אולמות וגנים,https://engaged.co.il/המלצות/האגם-אירועים-בגן-הבוטני.html,,,050-5558483,https://haagam.co.il,https://www.google.com/maps/search/?api=1&query=האגם+-+אירועים+בגן+הבוטני+יהודה+בורלא+1+ירושלים,,4.3,112,"יהודה בורלא 1, ירושלים, ישראל"
גאמוס ריזורט | GAMOS RESORT,073-7586813,אולמות וגנים,https://engaged.co.il/המלצות/גאמוס-ריזורט.html,,,,https://gamos.co.il,,,,,"די זהב 7, פארק ישראל מעלה אדומים"
גן אירועים סרה - SERA | SERA גן אירועים בעמק האלה,,אולמות וגנים,https://engaged.co.il/המלצות/גן-אירועים-סרה-sera.html,,,077-2305244,https://sera-events.co.il,,https://sera-events.co.il/wp-content/uploads/2024/01/logo-sera-white.png,,,"Hamelacha 203, Beit Shemesh, Emek HaEla"
הדריה | hdarya אולם וגן אירועים,,אולמות וגנים,https://engaged.co.il/המלצות/הדריה.html,,,02-6732255,hdarya.co.il,,,,1347,"האומן 2, ירושלים"
יקב פסגות | PSAGOT WINES אירועים,077-9979800,אולמות וגנים,https://engaged.co.il/המלצות/יקב-פסגות.html,,,02-9979333,https://www.psagotwines.com/,"https://www.google.com/maps/place/Psagot+Winery/@31.887895,35.263845,17z/data=!4m8!3m7!1s0x1502d733a1b2a2a1:0x2b2b2b2b2b2b2b2b!8m2!3d31.887895!4d35.263845!9m1!1b1!16s%2Fg%2F11c2121212?hl=en&coh=1&csrp=1&srp_action=1&srp_client=gmb&srp_from=gmb_reviews&srp_id=11c2121212&srp_type=3&srp_subtype=3&srp_query=Psagot+Winery",https://upload.wikimedia.org/wikipedia/commons/e/e6/Psagot_Winery_Jug_logo.png,4.7,965,הכורם 8 א.ת. שער בנימין
חוות עמק איילון,,אולמות וגנים,https://engaged.co.il/המלצות/חוות-עמק-איילון.html,,,054-6155458,http://www.hea.co.il,,https://www.hea.co.il/wp-content/uploads/2020/07/logo-1.png,,,מבוא חורון
קדמא נווה אילן | Kedma גן אירועים,,אולמות וגנים,https://engaged.co.il/המלצות/קדמא.html,,,02-570-0171,https://www.kedma-garden.com/,"https://www.google.com/maps/place/%D7%A7%D7%93%D7%9E%D7%90+%D7%A0%D7%95%D7%95%D7%94+%D7%90%D7%99%D7%9C%D7%9F%E2%80%AD/@31.801692,35.074741,17z/data=!4m8!3m7!1s0x1502d71800000001:0x1502d71800000001!8m2!3d31.801692!4d35.074741!9m1!1b1!16s%2Fg%2F11c2100000",https://www.kedma-garden.com/wp-content/uploads/2021/07/logo-kedma.png,4.5,2129,מושב נווה אילן
אמרלד | Emerald גן אירועים אמרלד,077-9965575,אולמות וגנים,https://engaged.co.il/המלצות/אמרלד.html,,,02-992-4445,https://emeraldgarden.co.il,"https://www.google.com/maps/place/%D7%90%D7%9E%D7%A8%D7%9C%D7%93+-+%D7%92%D7%9F+%D7%90%D7%99%D7%A8%D7%95%D7%A2%D7%99%D7%9D%E2%80%AD/@31.760081,34.978939,17z/data=!4m6!3m5!1s0x1502d71d0d0d0d0d:0x1502d71d0d0d0d0d!8m2!3d31.760081!4d34.978939!16s%2Fg%2F11c2d71d0d0d0d0d?hl=iw&entry=ttu",,4.5,1846,"פארק תעשיות שורק 14, בית שמש"
גאמוס אירועים | GAMOS EVENTS,073-7586813,אולמות וגנים,https://engaged.co.il/המלצות/גאמוס-אירועים.html,,,077-9972343,https://www.gamos.co.il,"https://www.google.com/maps/search/די+זהב+7,+פארק+ישראל+מעלה+אדומים",,9.4,180,"די זהב 7, פארק ישראל מעלה אדומים"
וולקאן | Volcan Events גן אירועים,077-8041141,אולמות וגנים,https://engaged.co.il/המלצות/וולקאן.html,,,077-2315077,https://www.volcanevents.co.il,https://www.google.com/maps/search/?api=1&query=וולקאן+Volcan+Events+גן+אירועים+גנרל+פייר+קניג+39+ירושלים,https://www.volcanevents.co.il/wp-content/uploads/2023/03/volcan-logo.png,4.8,913,"גנרל פייר קניג 39, ירושלים"
עין יעל | Ein yael גן אירועים,077-9969474,אולמות וגנים,https://engaged.co.il/המלצות/גן-אירועים-עין-יעל.html,,,02-6451866,https://einyael.co.il,,,,,"דרך יצחק מודעי 1, ירושלים"
הבוסתן – גן לאירועים בכפר | bustanbacfar גן לאירועים בכפר,,אולמות וגנים,https://engaged.co.il/המלצות/הבוסתן-–-גן-לאירועים-בכפר.html,,,02-6732770,bustanbacfar.co.il,,,,,"המצפה, אבו גוש"
קסיופאה | Cassiopeia אירועים במרינה בהרצליה,,אולמות וגנים,https://engaged.co.il/המלצות/קסיופאה-אירועים.html,,,053-9418188,,,,4.1,870,"השונית 2, הרצליה (קניון ארנה)"
ערוגות הבושם | Arugot Bosem גן אירועים,077-231-8039,אולמות וגנים,https://engaged.co.il/המלצות/ערוגות-הבושם.html,,,1-700-509-999,https://www.arugotbosem.co.il/,https://www.google.com/maps/search/?api=1&query=%D7%A2%D7%A8%D7%95%D7%92%D7%95%D7%AA+%D7%94%D7%91%D7%95%D7%A9%D7%9D+%D7%92%D7%9F+%D7%90%D7%99%D7%A8%D7%95%D7%A2%D7%99%D7%9D+%D7%97%D7%93%D7%A8%D7%94,,4.3,1882,"כביש 4, בכניסה לפארק השרון, חדרה, ישראל"
קיסר ים | Caesar Yam גן אירועים בקסריה,077-8042034,אולמות וגנים,https://engaged.co.il/המלצות/קיסר-ים.html,,,052-909-7921,https://caesaryam.com,"https://www.google.com/maps/place/%D7%A7%D7%99%D7%A1%D7%A8+%D7%99%D7%9D+Caesar+Yam+%D7%92%D7%9F+%D7%90%D7%99%D7%A8%D7%95%D7%A2%D7%99%D7%9D+%D7%91%D7%A7%D7%A1%D7%A8%D7%99%D7%94/@32.500000,34.900000,15z/data=!4m8!3m7!1s0x151d111111111111:0x1111111111111111!8m2!3d32.500000!4d34.900000!9m1!1b1?hl=iw",https://caesaryam.com/wp-content/uploads/2023/05/logo-new.png,4.6,530,נמל קיסריה
אודאון | Odeon - גן אירועים,077-9977400,אולמות וגנים,https://engaged.co.il/המלצות/אודאון.html,,,09-8665151,https://odeon.co.il,https://www.google.com/maps/search/?api=1&query=Odeon+Events+Garden+HaMasik+St+6+Emek+Hefer+Industrial+Park+Hefer+Valley+Israel,https://odeon.co.il/wp-content/uploads/2021/04/logo.png,4.5,1265,"HaMasik St 6, Emek Hefer Industrial Park, Hefer Valley, Israel"
יקבי קיסריה | Yikvey Caesarea אירועים בקיסריה,077-2244879,אולמות וגנים,https://engaged.co.il/המלצות/יקבי-קיסריה-אירועים.html,,,04-626-4644,https://www.yikvey-caesarea.co.il/,https://www.google.com/maps/search/יקבי+קיסריה+Yikvey+Caesarea+אירועים+בקיסריה,https://www.yikvey-caesarea.co.il/wp-content/uploads/2023/02/logo-yikvey-caesarea.png,4.4,320,"גן הפסלים, נמל קיסריה"
אקו חדרה | ECO גן אירועים,077-9976891,אולמות וגנים,https://engaged.co.il/המלצות/אקו-גן-אירועים.html,,,052-9095190,d-eco.co.il,https://www.google.com/maps/search/אקו+חדרה+ECO+גן+אירועים+בעלי+מלאכה+31+חדרה,,4.2,1580,"בעלי מלאכה 31, חדרה, ישראל"
ג'ונה | Jonah גן אירועים,077-8047797,אולמות וגנים,https://engaged.co.il/המלצות/גונה-נתניה.html,,,077-670-5000,https://www.jonah.co.il/,,,,,"קהילת צפת 2, נתניה"
חופית | hofit events בית קולינרי לאירועים,077-8040842,אולמות וגנים,https://engaged.co.il/המלצות/חופית.html,,,077-2305750,https://hofit-events.co.il/,https://www.google.com/maps/search/חופית+hofit+events+בית+קולינרי+לאירועים,,,,"קניון אם הדרך, בית חירות, Israel"
מי מתחם אירועים ברעננה | ME EVENTS מתחם אירועי בוטיק בשרון,077-9975711,אולמות וגנים,https://engaged.co.il/המלצות/מי-אירועים-רעננה.html,,,072-3970112,https://me-events.co.il,"https://www.google.com/maps/place/ME+Events/@32.191599,34.871025,17z/data=!4m8!1m2!2m1!1sME+EVENTS+%D7%9E%D7%AA%D7%97%D7%9D+%D7%90%D7%99%D7%A8%D7%95%D7%A2%D7%99+%D7%91%D7%95%D7%98%D7%99%D7%A7+%D7%91%D7%A9%D7%A8%D7%95%D7%9F!3m4!1s0x151d371400000001:0x123456789abcdef0!8m2!3d32.191599!4d34.871025!9m1!1b1?hl=iw",https://me-events.co.il/wp-content/uploads/2021/07/me-events-logo.png,4.7,93,"התדהר 2, רעננה, 4366504, ישראל"
ווין אירועים | win events win events,077-2309899,אולמות וגנים,https://engaged.co.il/המלצות/ווין-אירועים.html,,,04-6569791,https://winevents.co.il/,"https://www.google.com/maps/search/?api=1&query=ווין+אירועים,התלם+1+פארק+תעשייה+עמק+חפר",,4.2,782,"התלם 1, פארק תעשייה, עמק חפר, Israel"
אחוזה בית חנן | Haachuza Beit Hanan גן אירועים,,אולמות וגנים,https://engaged.co.il/המלצות/אחוזה-בית-חנן.html,,,03-9500105,https://achuza.co.il,https://www.google.com/maps/search/?api=1&query=אחוזה+בית+חנן+גן+אירועים&query_place_id=ChIJg21_127_HRUR21_127_HRU,,4.8,300,"דרך הפקאן, בית חנן, Israel"
קדיתא | Kadita גן אירועים,077-4447129,אולמות וגנים,https://engaged.co.il/המלצות/קדיתא.html,,,,https://kadita-events.co.il/,,,,,המסיק 5 עמק חפר ת.ד 169 מיקוד 3877701
אלכסנדר | Alexander גן ארועים,077-2315810,אולמות וגנים,https://engaged.co.il/המלצות/אלכסנדר.html,,,09-8332266,https://alexander-events.co.il,"https://www.google.com/maps/place/%D7%90%D7%9C%D7%9B%D7%A1%D7%A0%D7%93%D7%A8+%D7%90%D7%99%D7%A8%D7%95%D7%A2%D7%99%D7%9D%E2%80%AD/@32.399566,34.896756,17z/data=!4m8!3m7!1s0x151d382222222222:0x123456789abcdef0!8m2!3d32.399566!4d34.896756!9m1!1b1!16s%2Fg%2F11c2222222?hl=iw&entry=ttu",https://alexander-events.co.il/wp-content/uploads/2021/07/Alexander-Logo.png,4.7,1000+,"המסיק 2, עמק חפר"
בית | Bait Events גן אירועים,,אולמות וגנים,https://engaged.co.il/המלצות/בית-רעננה-אירועים.html,,,09-7466555,https://bait-events.co.il,https://www.google.com/maps/search/?api=1&query=בית+Bait+Events+גן+אירועים+HaTa'asiya+St+10+Ra'anana,,4.5,1420,"HaTa'asiya St 10, Ra'anana, Israel"
גאיה חדרה | Gaya Hadera,055-4547281,אולמות וגנים,https://engaged.co.il/המלצות/גאיה-חדרה.html,,,055-4539480,https://gaya-hadera.co.il,"https://www.google.com/maps/place/%D7%92%D7%90%D7%99%D7%94+%D7%97%D7%93%D7%A8%D7%94%E2%80%AD/@32.433939,34.922129,17z/data=!4m8!3m7!1s0x151d161102231201:0x31165306e232962!8m2!3d32.433939!4d34.922129!9m1!1b1!16s%2Fg%2F11c261_23c?hl=iw&entry=ttu",https://gaya-hadera.co.il/wp-content/uploads/2023/03/logo-gaya.png,4.8,1651,"האומן 12, חדרה"
מתקן צילום 360 צילום 360 לאירועים,,אטרקציות,https://engaged.co.il/המלצות/מתקן-צילום-360.html,,,,https://faceit.co.il/,,,,,
בית על הים | Hous On The Sea חתונה בתל אביב,,אולמות וגנים,https://engaged.co.il/המלצות/בית-על-הים.html,,,03-7174666,housea.co.il,https://www.google.com/maps/search/?api=1&query=בית+על+הים+Hous+On+The+Sea+חתונה+בתל+אביב+Ruslan+Street+1+Tel+Aviv-Yafo,,4.5,1547,"Ruslan Street 1, Tel Aviv-Yafo"
השמורה | shmura גן אירועים בטבע,,אולמות וגנים,https://engaged.co.il/המלצות/השמורה.html,,,0523615165,,,,,,"הזגג 1, חדרה, Israel"
חוות אלנבי | Alenby Events גן אירועים,077-9971106,אולמות וגנים,https://engaged.co.il/המלצות/חוות-אלנבי.html,,,077-9965086,https://www.alenby-events.co.il/,https://www.google.com/maps/search/?api=1&query=חוות+אלנבי+Alenby+Events+נצר+סרני,https://www.alenby-events.co.il/wp-content/uploads/2018/06/logo.png,4.5,292,קיבוץ נצר סרני
לין הפקות | lin productions החלום שלכם- המציאות שלנו,,אולמות וגנים,https://engaged.co.il/המלצות/לין-הפקות.html,,,054-222-2222,https://www.linproductions.co.il/,https://www.google.com/search?q=לין+הפקות+lin+productions+reviews,https://static.wixstatic.com/media/8f7e3e_414563975225290_1847857938_n.jpg,4.9,124,"Tel Aviv-Yafo, Israel"
חלום בחווה | HALOM BAHAVA גן אירועים בטבע,077-8040813,אולמות וגנים,https://engaged.co.il/המלצות/חלום-בחווה.html,,,050-588-5000,https://halombahava.co.il,https://www.google.com/search?q=חלום+בחווה+חדרה+ביקורות,,5.0,19,"צה""ל 100, חדרה"
סנטרל | Central Events מתחם אירועים חדש במרכז,077-8053229,אולמות וגנים,https://engaged.co.il/המלצות/מתחם-האירועים-סנטרל.html,,,03-635-4040,https://central-events.co.il/,https://www.google.com/maps/search/?api=1&query=%D7%A1%D7%A0%D7%98%D7%A8%D7%9C+Central+Events+%D7%A4%D7%AA%D7%97+%D7%AA%D7%A7%D7%95%D7%95%D7%94,https://central-events.co.il/wp-content/uploads/2023/01/central-logo.png,4.4,198,"תוצרת הארץ 3, פתח תקווה"
רוקח | Rokach גן אירועים,,אולמות וגנים,https://engaged.co.il/המלצות/רוקח-אירועים.html,,,03-7449000,https://rokach-events.co.il/,https://www.google.com/maps/search/?api=1&query=%D7%A8%D7%95%D7%A7%D7%97+Rokach+%D7%92%D7%9F+%D7%90%D7%99%D7%A8%D7%95%D7%A2%D7%99%D7%9D,https://rokach-events.co.il/wp-content/uploads/2022/05/logo-rokach.png,4.3,751,"שדרות רוקח 101, תל אביב יפו"
עדן - גן האירועים | Eden- Events garden& hall גן אירועים מיוחד בשרון,,אולמות וגנים,https://engaged.co.il/המלצות/עדן-על-המים-אירועים.html,,,09-7669299,https://www.gan-eden.co.il/,https://www.google.com/maps/search/?api=1&query=%D7%A2%D7%93%D7%9F+-%D7%92%D7%9F+%D7%94%D7%90%D7%99%D7%A8%D7%95%D7%A2%D7%99%D7%9D+%D7%A0%D7%99%D7%A8+%D7%90%D7%9C%D7%99%D7%94%D7%95,https://www.gan-eden.co.il/wp-content/uploads/2023/05/EDEN_final_logo3.png,4.4,1672,"קיבוץ ניר אליהו, 4584500, ישראל"
ארטיסטה אירועים | Artista תתכוננו להתאהב (בפעם השנייה),077-8041522,אולמות וגנים,https://engaged.co.il/המלצות/ארטיסטה-ארועים.html,,,052-6098609,https://artista-israel.com/,https://www.google.com/maps/search/?api=1&query=ארטיסטה+אירועים+חדרה,https://static.wixstatic.com/media/0ee549a5-0ffa-4131-8036-5b3f6b92dc61.jpg,4.3,273,"המסגר 22, חדרה"
על הנחל | Al Hanahal Events אירועים תחת כיפת השמיים,077-7299546,אולמות וגנים,https://engaged.co.il/המלצות/על-הנחל.html,,,052-9095121,https://d-eco.co.il,https://www.google.com/maps/search/?api=1&query=%D7%A2%D7%9C+%D7%94%D7%A0%D7%97%D7%9C+%D7%90%D7%99%D7%A8%D7%95%D7%A2%D7%99%D7%9D+%D7%97%D7%93%D7%A8%D7%94,https://d-eco.co.il/wp-content/uploads/2023/06/DSC08491-scaled.jpg,4.2,447,"בעלי מלאכה 31, חדרה"
5.91 | events 5.91 אירועים על הים,077-8052122,אולמות וגנים,https://engaged.co.il/המלצות/5-91-אירועים.html,,,09-8855555,https://591.co.il/,"https://www.google.com/maps/place/5.91+-+%D7%90%D7%99%D7%A8%D7%95%D7%A2%D7%99%D7%9D+%D7%A2%D7%9C+%D7%94%D7%99%D7%9D/@32.308738,34.840942,17z/data=!4m8!3m7!1s0x151d3f8366666667:0x6666666666666666!8m2!3d32.308738!4d34.840942!9m1!1b1!16s%2Fg%2F11f3_6_6_6",https://591.co.il/wp-content/uploads/2023/05/5.91-Beach-House-Logo.png,4.5,916,"שדרות עובד בן עמי 2, נתניה, ישראל"
דה גארדן | The Garden גן אירועים,,אולמות וגנים,https://engaged.co.il/המלצות/היקב-גארדן.html,,,055-4336295,https://the-garden.co.il/,https://www.google.com/maps/search/?api=1&query=The+Garden+דה+גארדן+נתניה,https://the-garden.co.il/wp-content/uploads/2023/11/The-Garden-Logo.png,4.6,102,"שולמית 4, חוף פולג, נתניה"
88 גן אירועים | 88 בעמק חפר,077-8043304,אולמות וגנים,https://engaged.co.il/המלצות/88-גן-אירועים-בעמק.html,,,09-8665588,https://8eighty.co.il/,https://www.google.com/maps/search/?api=1&query=88+גן+אירועים+עמק+חפר,https://8eighty.co.il/wp-content/uploads/2024/04/88-logo.png,4.4,73,"נחל אלכסנדר 26, עמק חפר"
קאי | kahi resort ריזורט אירועים,077-4446898,אולמות וגנים,https://engaged.co.il/המלצות/קאי-ריזורט-לאירועים.html,,,077-8040442,https://kahi.co.il/,https://www.google.com/search?q=%D7%A7%D7%90%D7%99+kahi+resort+%D7%A8%D7%99%D7%96%D7%95%D7%A8%D7%98+%D7%90%D7%99%D7%A8%D7%95%D7%A2%D7%99%D7%9D+reviews,https://kahi.co.il/wp-content/uploads/2021/06/kahi_wed17-2.jpg,4.5,1795,"השיטה 5, פארק תעשיות עמק חפר"
white אירועים,077-2305008,אולמות וגנים,https://engaged.co.il/המלצות/white-גן-אירועים.html,,,050-3449944,https://white-events.co.il/,,,0.0,0,"תדהר, פרדס חנה כרכור"
קו המים | Kav Hamaim אירועים על הים,077-8050216,אולמות וגנים,https://engaged.co.il/המלצות/אל-ים-וילה-קיארה.html,,,077-2312680,https://kavhamaim.co.il/,,,0.0,0,"פולג, נתניה"
תל יה גן אירועים | Telya גן אירועים,,אולמות וגנים,https://engaged.co.il/המלצות/תל-יה-אירועים.html,,,09-8992277,https://telya-events.co.il/,,,0.0,0,תל יצחק
הגן בשפיים | Hagan Beshefayim גן אירועים,,אולמות וגנים,https://engaged.co.il/המלצות/הגן-השקוף.html,,,053-4254-049,https://www.haganbeshefayim.co.il/,,,0.0,0,קיבוץ שפיים
אגדת דשא | Agadat Deshe גן אירועים,,אולמות וגנים,https://engaged.co.il/המלצות/אגדת-דשא-אירועים.html,,,04-6372680,https://www.agadat-deshe.co.il/,,,0.0,0,"דרך פיק""א 1, פרדס חנה-כרכור"
לימאי | Limai אירועים חדרה,,אולמות וגנים,https://engaged.co.il/המלצות/לימאי.html,,,052-9123805,https://limai-events.co.il/,,,0.0,0,"הרב עוזיאל 7, חדרה"
עלמה | Alma אבן יהודה,,אולמות וגנים,https://engaged.co.il/המלצות/עלמה.html,,,09-7717267,https://almahouse.co.il/,,,0.0,0,"שיזף 2, אבן יהודה"
הגלריה לאירועים | Gallery Event בית לאירועים שמחים,077-8042532,אולמות וגנים,https://engaged.co.il/המלצות/הגלריה-לאירועים.html,,,077-2309001,https://gallery-event.co.il/,,,0.0,0,"בית חרות, עמק חפר"
נועם הפקות צילום אירועים,,צלמים,https://engaged.co.il/המלצות/נועם-הפקות-צילום-חתונה.html,,,0542240418,,,,0.0,0,שדרות
משה צילום | Moshe Moshe,,צלמים,https://engaged.co.il/המלצות/משה-צילום.html,,,052-3834080,,,,0.0,0,"אשכנזי 19, יהוד, מתחם אשכנזי החדש חנות 46"
לני - צלם אירועים | אילן מידן אילן מידן,,צלמים,https://engaged.co.il/המלצות/לני-צלם-אירועים.html,,,052-643-30-30,https://www.facebook.com/Lenifoto10,0.0,0,"שייקה אופיר 11, ראש העין",,
טריו צילום-ניסן אביטל | TRIO Photography by Nisan Avital צילום חתונות וארועים,,צלמים,https://engaged.co.il/המלצות/טריו-צילום-ניסן-אביטל.html,,,052-6266623,,5.0,2,חיפה,,
פטריק הצלם | Patrick your Photographer צלם סטילס ומגנטים,,צלמים,https://engaged.co.il/המלצות/פטריק-הצלם.html,,,050-7891198,patrick-photographer.co.il,0.0,0,"אירוס הארגמן 48, נתניה",,
רמי כהן | rami cohen photography צילום וידאו וסטילס,,צלמים,https://engaged.co.il/המלצות/רמי-כהן.html,,,054-6608813,,0.0,0,"הרצל 102, ראשון לציון",,
ארן חן צלמים | Eran Chen,,צלמים,https://engaged.co.il/המלצות/ארן-חן-צלמים.html,,,050-5996163,,0.0,0,Kafr Saba,,
רון הילל צלם ועורך ויד | Ronhilelvideo צילום וידאו 4K לאירועים,,צלמים,https://engaged.co.il/המלצות/רון-הילל-צלם-ועורך-ויד.html,,,053-5222926,,0.0,0,,,
גרדנר צלום אירועים | GARDNER רואים את כ-ל התמונה,,צלמים,https://engaged.co.il/המלצות/גרדנר-צלום-אירועים.html,,,050-4110757,,0.0,0,"כגן הלנה 0, ירושלים",,
בראשית צילום בראשית ישראל ואיריס פרסי,053-793-4017,צלמים,https://engaged.co.il/המלצות/בראשית-ישראל-פרסי.html,,,050-939-5599,,0.0,0,"דוד סחרוב 3 ראשל""צ (מגדל סטוצ'י)",,
ויקטוריה לומברג צילום | VL Photo צלמת אירועים ומשפחה,,צלמים,https://engaged.co.il/המלצות/ויקטוריה-לומברג-צילום.html,,,0523149957,,0.0,0,"ז'בוטינסקי 93, פ""""ת",,
אסף גבאי | A.G Photography צלם חתונות,,צלמים,https://engaged.co.il/המלצות/אסף-גבאי-a-g-photography.html,,,054-2490889,,0.0,2,חדרה,,
רומבה צלמים | Romba Photographer,,צלמים,https://engaged.co.il/המלצות/רומבה-צלמים.html,,,054-2218881,,0.0,0,"הרצל 13, ראשון לציון",,
"נבו נעים | צלם ""אֲנַחְנוּ לֹא זוֹכְרִים יָמִים, אַנוּ זוֹכְרִים רְגָעִים""",,צלמים,https://engaged.co.il/המלצות/נבו-נעים.html,,,052-8961665,,0.0,0,אשקלון,,
פוטושוט צלמים | PHOTOSHOT PHOTOGRAPHY צילום אירועים,,צלמים,https://engaged.co.il/המלצות/פוטושוט-צילום-אירועים.html,,,052-6523171,,0.0,0,"חיים משה שפירא 24, אשדוד",,
חורשת ראשונים מתחם אירועים | Shani marom,,אולמות וגנים,https://engaged.co.il/המלצות/חורשת-ראשונים-מתחם-אירועים.html,,,054-2022442,,0.0,0,,,
יבבבחטט ולטחטחט | ץ ץ,,אולמות וגנים,https://engaged.co.il/המלצות/יבבבחטט-ולטחטחט.html,,,,,0.0,0,,,
טל גולן צילום חתונות | Tal Golan Photography רגעים שנשארים לנצח,,צלמים,https://engaged.co.il/המלצות/טל-גולן-צילום-חתונות.html,,,054-6881186,,0.0,0,,,
בריידשוט | BrideShoot יצירת תוכן לחתונות,,צלמים,https://engaged.co.il/המלצות/בריידשוט.html,,,054-204-4363,,0.0,0,,,
פייס לי | Face-li שיתוף תמונות מאירועים,,צלמים,https://engaged.co.il/המלצות/פייס-לי.html,,,050-9766226,https://face-li.com,0.0,0,,,
בר נחום | Bar Nachum Photography צלם חתונות,,צלמים,https://engaged.co.il/המלצות/בר-נחום.html,,,0508161611,https://www.instagram.com/bar_nachum_photography,0.0,0,"אליעזר מזל 4 קומה 1 ראשל""צ מערב",,
עידן נהרי | Idan Nahari צילום אירועים,,צלמים,https://engaged.co.il/המלצות/עידן-נהרי-צילום-אירועים.html,,,052-5254228,,0.0,0,"אליעזר מזל 4, קומה 1, ראשון לציון",,
קראון צלמים | CROWN צלם חתונות,,צלמים,https://engaged.co.il/המלצות/קראון-צלמים.html,,,,,0.0,0,"אליעזר מזל 4, קומה 1, ראשל""צ מערב",,
אקשן צילום אירועים | Action Events & productions רגעים בלתי נשכחים!,,צלמים,https://engaged.co.il/המלצות/אקשן-צילום-אירועים.html,,,053-4794777,,0.0,0,,,
ציקו סלהוב צילום | chikosalov צילום אירועים חתונות,,צלמים,https://engaged.co.il/המלצות/ציקו-סלהוב-צילום.html,,,058-486-6606,,0.0,0,,,
Olga Salimov,,צלמים,https://engaged.co.il/המלצות/olga-salimova.html,,,,https://www.instagram.com/olasalimov,0.0,0,Israel,,
ערן אלרגנט | Eran Alergant- Photographer צילום באווירה שונה!,,צלמים,https://engaged.co.il/המלצות/ערן-אלרגנט.html,,,052-5250422,,0.0,0,,,
פיק מומנטס | Pic Moments צלמים לחתונה,,צלמים,https://engaged.co.il/המלצות/פיק-מומנטס.html,,,054-7495128,https://www.facebook.com/PicMomentss,0.0,0,ירושלים,,
בני אסכלוני אמנות הצילום,,צלמים,https://engaged.co.il/המלצות/בני-אסכלוני-צלם.html,,,050-2225551,http://askeloni.com,0.0,4,"ליסין 25, תל אביב יפו",,
אלעד נבון צילום סטילס | Elad |Navon Photographer צילום ארט ספונטני,,צלמים,https://engaged.co.il/המלצות/אלעד-נבון-צילום-סטילס.html,,,052-8704027,http://www.eladnavon1.com,0.0,0,"ויצמן 46, גבעתיים",,
גודלי הפקות צילום,,צלמים,https://engaged.co.il/המלצות/גודלי-הפקות.html,,,050-822-5666,http://godli-production.com,4.9,56,"יוסף לישנסקי 19, ראשון לציון",,
קטיה מומנטס | K.R Moments צילום סושיאל לחתונה,,צלמים,https://engaged.co.il/המלצות/קטיה-מומנטס.html,,,054-6816001,https://www.instagram.com/k.r.moments,0.0,0,,,
טוהר אשכנזי | Tohar Ashkenazi סושיאל ליום הכי מרגש שלכם,,צלמים,https://engaged.co.il/המלצות/טוהר-אשכנזי.html,,,054-9113931,,0.0,0,,,
צי'ק צא'ק צילום אירועי צ'יק צ'אק - צילום אירועים,,צלמים,https://engaged.co.il/המלצות/ציק-צאק-צילום-אירועי.html,,,058-7555-755,http://www.chik.co.il/,0.0,0,"שמוטקין 21, ראשון לציון",,
לביא הפקות | צלמים | Lavi Production צילום ואטרקציות לאירועים,,צלמים,https://engaged.co.il/המלצות/לביא-הפקות-צלמים.html,,,054-9927720,,0.0,0,"תבור 119, שוהם",,
רוני ארונשווילי | Roni Aharon Photography רוני ארונשווילי,,צלמים,https://engaged.co.il/המלצות/רוני-ארונשווילי.html,,,052-8057053,,0.0,0,"מניה שוחט 7, חולון",,
אנה הפקות,,צלמים,https://engaged.co.il/המלצות/אנה-הפקות.html,,,052-278-3273,,0.0,1,"שדרות דב הוז 20, חולון",,
קוויק קליק עמדות צילום | Quick Click עמדות צילום עמדות צילום + קירות צילום,,צלמים,https://engaged.co.il/המלצות/קוויק-קליק-עמדות-צילום.html,,,053-572-9776,,0.0,0,,,
מדור לדור | Dor Fayna Photography צילום חתונות,,צלמים,https://engaged.co.il/המלצות/מדור-לדור.html,,,,,0.0,0,"שלמה לוי, ראשון לציון",,
ניתאי אבן ארי | Nitay photography ניתאי אבן ארי- צלם חתונות,,צלמים,https://engaged.co.il/המלצות/ניתאי-אבן-ארי.html,,,+972-526206980,https://nitayphotography.mypixieset.com/,0.0,0,,,
קובי אלוני - צילום אומנותי | Kobi Alony Photography,,צלמים,https://engaged.co.il/המלצות/קובי-אלוני-צילום-אומנותי.html,,,052-8500770,,0.0,0,"שבט לוי, אשדוד",,
רזיאל אברהם | rna photographer שירות אמינות ומקצועיות,,צלמים,https://engaged.co.il/המלצות/רזיאל-אברהם.html,,,052-303-7451,,0.0,0,"אליעזר מזל 4 קומה 1 ראשל""צ מערב",,
צילומי דניאל צילום אירועים + אטרקציות,,צלמים,https://engaged.co.il/המלצות/צילומי-דניאל.html,,,050-5701962,,9.9,21,"דפנה 7, רעות",,
אלעד מימון צילום,,צלמים,https://engaged.co.il/המלצות/אלעד-מימון-צילום.html,,,,,0.0,0,נתניה,,
יניב שמן צלם | Yaniv Shemen,,צלמים,https://engaged.co.il/המלצות/יניב-שמן-צלם.html,,,052-3838797,,0.0,0,"בורוכוב 50, הרצליה",,
איתמר יששכר | itamar yissachar צלם חתונות,,צלמים,https://engaged.co.il/המלצות/איתמר-יששכר.html,,,050-7416783,,0.0,0,"446, ישוב בני יהודה 1294400",,
גל ר,,צלמים,https://engaged.co.il/המלצות/גל-ר.html,,,054-3292760,,0.0,0,"דרך יד לבנים 196, חיפה",,
אלירון הפקות צילום | Eliron Photography Productions מצלמים באהבה,055-4547315,צלמים,https://engaged.co.il/המלצות/אלירון-אוחיון.html,,,"03-956-0603, 052-582-0202",http://studio-eliron.co.il,0.0,0,"מרטין בובר 23, ראשון לציון",,
ליצ'י lychee | lychee,,צלמים,https://engaged.co.il/המלצות/ליצי-lychee.html,,,,http://lycvi.com,0.0,0,"סיני 5, באר שבע",,
נטו וי - אר | netoVR making future memory,,צלמים,https://engaged.co.il/המלצות/שלומי-בסרבי.html,,,054-6330630,,0.0,0,,,
לוקו גרופ | LocoGroup צילום אירועים,,צלמים,https://engaged.co.il/המלצות/לוקו-גרופ.html,,,052-6549971,,0.0,0,"אליהו נאוי 24/107, באר שבע",,
אלכס ארט | AlexArt צילום חתונות,,צלמים,https://engaged.co.il/המלצות/אלכס-ארט.html,,,058-510-0587,https://www.alexart-photographer.com/,0.0,0,נתניה,,
פרו שוט צילום אירועים | prophet proshot,,צלמים,https://engaged.co.il/המלצות/pro-shot.html,,,052-5365882,,4.9,88,"חיים משה שפירא 24, אשדוד",,
ינון כהן - צילום וידאו | Yinon video צילום וידאו רגיש ויפיפיה,,צלמים,https://engaged.co.il/המלצות/ינון-כהן-צילום-וידאו.html,,,052-5205560,,0.0,0,מרכז,,
סמייל | SMILE מצלמים עם חיוך,,צלמים,https://engaged.co.il/המלצות/smile.html,,,050-3725-800,,0.0,0,,,
אלכסיי טופורובסקי צילום חתונה,,צלמים,https://engaged.co.il/המלצות/אלכסיי-טופורובסקי.html,,,054-437-9109,https://alexey-top.co.il,0.0,0,המרכז וכל הארץ,,
מאי פלאש צלמים | MY FLASH צילום אירועים,,צלמים,https://engaged.co.il/המלצות/מאי-פלאש.html,,,052-6682045,,0.0,0,"קלמן ביאלר 6, רחובות",,
סטודיו אילון | Ayalon Studio צילום אירועים,055-4547287,צלמים,https://engaged.co.il/המלצות/סטודיו-אילון-צילום.html,,,054-2292694,http://studioayalon.co.il,0.0,0,"אריה רגב 4, נתניה",,
שאקו הפקות | Shako צילום חתונות,055-4547296,צלמים,https://engaged.co.il/המלצות/שאקו-צילום-אירועים.html,,,052-707-5886,,0.0,0,"נתיב המזלות 1, ירושלים / שד׳ יוסף לישנסקי 4 ראשל״צ",,
משה חיים ואסתר כץ | Moshe Chaim & Ester Katz Premeum Wedding Photographers צילום למבנים,,צלמים,https://engaged.co.il/המלצות/משה-חיים-ואסתר-כץ.html,,,0527175872,,0.0,0,"אשר גולק 23, ירושלים",,
דור דניאל,,צלמים,https://engaged.co.il/המלצות/דור-דניאל.html,,,050-3467775,,9.88,43,חיפה והסביבה,,
ארט פיקסל | ARTPIXXEL צילום חתונה,055-4547327,צלמים,https://engaged.co.il/המלצות/ארטפיקסל-צילום-אירועים.html,,,053-2700772,http://artpixxel.co.il,0.0,0,"דניאל הנביא 11/3, אשדוד, 7747019, ישראל",,
פוטו שלי | Puto sheli צילום והפקת אירועים,,צלמים,https://engaged.co.il/המלצות/פוטו-שלי.html,,,0505297893,,0.0,0,"דרך בית לחם 107, ירושלים",,
פלאשבק צלמים | Flashback משה אסף,077-2305004,צלמים,https://engaged.co.il/המלצות/פלאשבק-צלמים.html,,,077-2305004,https://wa.me/972526225588,0.0,0,"מורדי הגטאות 84, ראשון לציון",,
סמייל סטודיו | Smile Studio,,צלמים,https://engaged.co.il/המלצות/סמייל-סטודיו.html,,,09-7489989,,0.0,0,"בני ברמן 2, נתניה, מגדל עיר ימים, מיקוד 4249330",,
אור יעקב יצירת תוכן מותאם לסושיאל,,צלמים,https://engaged.co.il/המלצות/אור-יעקב.html,,,,,0.0,0,,,
אילן פריימן צילום צלם חתונות קצת אחר.,,צלמים,https://engaged.co.il/המלצות/אילן-פריימן-צילום.html,,,,,0.0,0,,,
GUY LEVI | GUY LEVI GUY LEVI,,צלמים,https://engaged.co.il/המלצות/guy-levi.html,,,,,0.0,0,Herzliya,,
טופ צלמים,,צלמים,https://engaged.co.il/המלצות/טופ-צלמים.html,,,050-6899-908,https://www.eventsphotographers.co.il,0.0,0,"רפידים 33, ראשון לציון",,
יניב אטיה | Yaniv Atia צלם חתונות,,צלמים,https://engaged.co.il/המלצות/יניב-אטיה.html,,,052-237-4077,,0.0,0,,,
לה סושיאל | La Social כשהאהבה פוגשת רגעים מיוחד,,צלמים,https://engaged.co.il/המלצות/לה-סושיאל.html,,,,https://www.instagram.com/_la_social/,0.0,0,,,
שי מנשה לוי צילום | Shay Menashe Levy Photography צילום מושלם לכל אירוע,,צלמים,https://engaged.co.il/המלצות/שי-מנשה-לוי-צילום.html,,,050-7383488,,0.0,0,,,
די סטודיו צלמים | D.STUDIO צלמים מנצחים את הרגעים בחייכם,,צלמים,https://engaged.co.il/המלצות/די-סטודיו-צלמים.html,,,052-7218065,,0.0,0,רעננה,,
רפי ג'ירו | Rafi Giro צלם חתונות,,צלמים,https://engaged.co.il/המלצות/רפי-גרו.html,,,050-8584677,,0.0,0,"ביל""ו 33, חולון",,
בזום שלך צילום אומנותי,055-4547329,צלמים,https://engaged.co.il/המלצות/בזום-שלך-צילום-אומנותי.html,,,050-7530560,http://bzoom.co.il,0.0,0,"לוי אשכול 10, רעננה",,
דותן ניר צילום אירועים | Dotan Nir צילום אירועים וסטודיו,,צלמים,https://engaged.co.il/המלצות/דותן-ניר-צילום-אירועים.html,,,052-3030311,,0.0,0,"דרך השדות 69, בית יצחק - שער חפר",,
טל סטילס | Tal Stills טל צלמים,,צלמים,https://engaged.co.il/המלצות/טל-סטילס.html,,,050-222-0501,http://www.talstills.co.il,5.0,17,"הדרום, המרכז, השפלה, השרון",,
אלורה סושיאל | Alora social יצירת תוכן להפקות וכלות,,צלמים,https://engaged.co.il/המלצות/אלורה-סושיאל.html,,,052-6785661,https://www.instagram.com/alora.social,0.0,0,,,
גיא גרין | Guy Green אצלנו אתם קובעים את המחיר,,צלמים,https://engaged.co.il/המלצות/גיא-גרין.html,,,0584888410,https://greennadlan.com/,0.0,0,ראשון לציון,,
עופר מתיתיהו | Ofer Matityahu עופר מתיתיהו צלם אירועים,055-4547322,צלמים,https://engaged.co.il/המלצות/עופר-מתיתיהו.html,,,050-871-0700,https://oferm.co.il,0.0,0,"סמטת הש""ך 5, תל אביב יפו",,
אורן מדר צילום אירועים,,צלמים,https://engaged.co.il/המלצות/אורן-מדר-צילום-אירועים.html,,,052-2933300,,0.0,0,"החרצית 1, נתניה",,
גופיק | GOPIC ביחד יוצרים זיכרון,,צלמים,https://engaged.co.il/המלצות/גופיק.html,,,054-4441584,,0.0,0,זכרון יעקב,,
בר אור צילום | Bar or Photography צלמים לחתונה,055-4547291,צלמים,https://engaged.co.il/המלצות/בר-אור-צילום.html,,,050-2002032,,0.0,0,"דוד סחרוב 22, ראשון לציון",,
טל יפרח | Tal ifrah צילום אירועים,,צלמים,https://engaged.co.il/המלצות/טל-יפרח.html,,,054-659-2248,https://www.digital-card.biz/054-659-2248,0.0,0,חריש,,
מור לוי | Mor levi צילום רגעים שמחים,,צלמים,https://engaged.co.il/המלצות/מור-לוי.html,,,052-8583752,http://mor-levi.co.il,0.0,0,חיפה,,
עינב אוחנה | 5612515 עינב אוחנהגכהנעגכה,,צלמים,https://engaged.co.il/המלצות/עינב-אוחנה.html,,,,,0.0,0,,,
נועם אסיף צילום | Noam Assif Photography קליק עם הטבע,,צלמים,https://engaged.co.il/המלצות/noam-assif.html,,,054-3041331,,0.0,0,מרום גולן,,
וידאו עמוס | video amos וידאו עמוס,,צלמים,https://engaged.co.il/המלצות/וידאו-עמוס.html,,,050-7832202,,0.0,0,"טשרניחובסקי 4, קרית שמונה",,
יופי הפקות | yofi pro yosi atias,,צלמים,https://engaged.co.il/המלצות/יופי-הפקות.html,,,052-2949769,http://yofi-y.co.il,0.0,0,"שוהם 3, גן יבנה",,
פיק צ'אק צילום רביד | Picchak_1 צילום אירועים,,צלמים,https://engaged.co.il/המלצות/רביד-תורגמן.html,,,050-4282063,,2.5,3,יושיביה 16,,
פיליפ חדד | פיליפ חדד פיליפ חדד,,צלמים,https://engaged.co.il/המלצות/פיליפ-חדד.html,,,02-6765453,,0.0,0,"הגננת 7, ירושלים",,
זיו שמשון צילום,,צלמים,https://engaged.co.il/המלצות/זיו-שמשון-צילום.html,,,055-662-0660,https://www.instagram.com/ziv_shimshon1/,0.0,2,Jerusalem,,
הודיה אדיב | ADD SOCIAL צלמת סושיאל לחתונות,,צלמים,https://engaged.co.il/המלצות/הודיה-אדיב.html,,,052-6411548,https://www.instagram.com/hodayassocial,0.0,0,,,
"שיר נגר סושיאל רגעים אמיתיים, לנצח 🤍",,צלמים,https://engaged.co.il/המלצות/שיר-נגר-סושיאל.html,,,0545428670,https://www.instagram.com/shir__nagar_/,0.0,0,,,
לונריה | LUNARIA עמדות די-ג׳יי,,אטרקציות,https://engaged.co.il/המלצות/לונריה.html,,,052-5272633,https://www.instagram.com/lunaria._dj,0.0,0,,,
ל.ש. הפקות | LS Productions תאורה זיקוקים לייזרים,,אטרקציות,https://engaged.co.il/המלצות/לש-הפקות.html,,,054-4515696,,0.0,0,"דרך גד פיינשטיין, רחובות",,
פול הפקות | Pol productions,,אטרקציות,https://engaged.co.il/המלצות/מאיה-ביטון.html,,,0506934461,,0.0,0,"כליל החורש 103, מושב מעונה",,
יוניקה | Unica events מזכרת פרימיום לאירועים,,אטרקציות,https://engaged.co.il/המלצות/יוניקה.html,,,050-3979268,https://www.instagram.com/unica.events_/,0.0,0,,,
פיסת זיכרון | Piece Of Memory מזכרת שתשאיר זיכרון מרגש,,אטרקציות,https://engaged.co.il/המלצות/פיסת-זיכרון.html,,,054-2051253,,0.0,0,,,
גורי סיגר'ס לאירועים | Events By Guri Cigars בר סיגרים שמעיף כל אירוע!,,אטרקציות,https://engaged.co.il/המלצות/גורי-סיגרס-לאירועים.html,,,0509754518,,0.0,0,"דיזנגוף 223, תל אביב-יפו",,
פארטי אין אבוקס | party in a box,,אטרקציות,https://engaged.co.il/המלצות/פארטי-אין-אבוקס.html,,,03-5094499,https://www.partyinabox.co.il,0.0,0,"אימבר 23, פתח תקווה",,
Flower Love עמדת שזירה,,אטרקציות,https://engaged.co.il/המלצות/flower-love.html,,,0507707877,,0.0,0,,,
בלונס אנד מור | Balloons&more אטרקציות לאירועים,,אטרקציות,https://engaged.co.il/המלצות/בלונס-אנד-מור.html,,,0506-988-644,,0.0,0,אזור צפון,,
לייזר מי | Laser Me Events עמדת צילום וחריטה,,אטרקציות,https://engaged.co.il/המלצות/לייזר-מי.html,,,,https://www.facebook.com/Lasermeevents/,0.0,0,Haifa,,
עגלת גלידה ״גולדה״ לאירועים | Golda משהו מתוק ליום מיוחד,,אטרקציות,https://engaged.co.il/המלצות/עגלת-גלידה-״גולדה״-לאירועים.html,,,"0528668142, 052-4757970",,0.0,0,פריסה ארצית,,
פירוספארק | Pyrospark אטרקציות לאירועים ועוד...,,אטרקציות,https://engaged.co.il/המלצות/פירוספארק.html,,,050-8246247,,0.0,0,"אברבנאל 4, ראשון לציון",,
צייר חתונות יצירת מזכרת ייחודית,,אטרקציות,https://engaged.co.il/המלצות/צייר-חתונות.html,,,,https://www.instagram.com/paint_love.il/,0.0,0,,,
תכלת | Tchelet אביזרים לחתונה ורווקות,,אטרקציות,https://engaged.co.il/המלצות/תכלת.html,,,08-971-2288,techelet.co.il,0.0,0,"חטיבת גולני 9, מודיעין מכבים רעות",,
"קרדו דיגיטל | Credo Digital צילום מגנטים, עמדת צילום",,אטרקציות,https://engaged.co.il/המלצות/צילום-והפקת-אירועים-credo-digital.html,,,052-6056120,https://www.facebook.com/CredoDigital,0.0,0,נתניה,,
דוד קאזה | David kaza צילום אירועים ומגנטים,,אטרקציות,https://engaged.co.il/המלצות/דוד-קאזה.html,,,050-6700-600,,0.0,0,המרכז,,
דוו-טייל | Duo-Tale הסיפור שלכם אצלכם בחתונה,,אטרקציות,https://engaged.co.il/המלצות/דוו-טייל.html,,,,https://duo.tale.ai,0.0,0,,,
כוכב השמחות | star joys סלסלאות חתן כלה,,אטרקציות,https://engaged.co.il/המלצות/כוכב-השמחות.html,,,052-3899665,https://star1joys.co.il/,0.0,0,"כיכר סטרומה 1, חולון",,
איוונטו | EVENTO,,אטרקציות,https://engaged.co.il/המלצות/איוונטו.html,,,03-639-3690,https://evento.plus,0.0,0,"יגיע כפיים 10, תל אביב",,
יניב צילום מגנטים | GET READY - מגנטים לאירועים צילום מגנטים ובלוקים ברמה,,אטרקציות,https://engaged.co.il/המלצות/יניב-צילום-מגנטים.html,,,055-6627478,https://www.facebook.com/GetRPhotography,0.0,0,,,
עמדות צילום סלפי | Flash עמדות רטרו סלפי,,אטרקציות,https://engaged.co.il/המלצות/עמדות-צילום-סלפי.html,,,058-5111963,,0.0,0,"Jerusalem, Israel",,
פיקימי | picime זכרונות מהירים,,אטרקציות,https://engaged.co.il/המלצות/פיקימי.html,,,054-7676450,,0.0,0,פרדסיה,,
קולאז הפקות | Collage Productions מתופפים ושופרות,,אטרקציות,https://engaged.co.il/המלצות/שייקה-מתופפים-באירועים.html,,,"054-2204057, 054-8394963",http://collage.pro.co.il,0.0,0,"אליעזר מזל 4 קומה 1 ראשל""צ מערב",,
מסיבתי | Mesibati אטרקציות לחתונה,,אטרקציות,https://engaged.co.il/המלצות/מסיבתי-שירותי-אירועים.html,,,052-8280050,,0.0,0,"אליעזר מזל 4, קומה 1, ראשון לציון מערב",,
קיר משקפיי שמש | Sun Glasses במיתוג אישי,,אטרקציות,https://engaged.co.il/המלצות/קיר-משקפיים-לחתונה.html,,,054-6880183,,0.0,0,,,
myView360 | myView360 עמדת צילום ב360° לאירועים,,אטרקציות,https://engaged.co.il/המלצות/myview360.html,,,050-844-3323,,0.0,0,,,
פרימוס מגשי פירות | primus fruit פרימוס ברי פירות לאירועים,,אטרקציות,https://engaged.co.il/המלצות/פרימוס-מגשי-פירות.html,,,054-5435535,,0.0,0,"מבצע קדש 6, יבנה",,
YULUM Events | YULUM Events טולום אצלכם בארוע,,אטרקציות,https://engaged.co.il/המלצות/yulum-events.html,,,0529560844,https://tulom.com,0.0,0,אורט 23 נתניה,,
מתן אליחי | Matan Elihay Photography צילום מגנטים,,אטרקציות,https://engaged.co.il/המלצות/מתן-אליחי-צילום-מגנטים.html,,,0524677342,http://www.MatanElihay.co.il,0.0,0,איזור השרון,,
כוכב עולה - מקפיצים את האירוע לשמיים הפקה וניהול אירועים .,,אטרקציות,https://engaged.co.il/המלצות/כוכב-עולה-מקפיצים-את-האירוע-לשמיים.html,,,052-2055588,,0.0,0,"הרקפת 2, אשקלון",,
"דפנה עיצובים | Dafna flower&more עיצוב חופות ,קירות פרחים,",055-4547286,אטרקציות,https://engaged.co.il/המלצות/דפנה-עיצוב-אירועים.html,,,054-2205565,http://dafna-design.co.il,0.0,0,"האורגן 4, ראשון לציון",,
חרטה ברטה | Harta Barta חולצות מודפסות לחתונה,,אטרקציות,https://engaged.co.il/המלצות/חרטה-ברטה.html,,,,,0.0,0,,,
אטרקציות לחתונה מושלמת | wedding Attractions אטרקציות לחתונות,,אטרקציות,https://engaged.co.il/המלצות/אטרקציות-זה-אנחנו.html,,,052-5356442,,0.0,0,אזור המרכז,,
הולה | Hula חנות של אירועים,055-4547270,אטרקציות,https://engaged.co.il/המלצות/hula-חנות-של-אירועים.html,,,03-7321640,https://hula.co.il,0.0,0,"עמישב 45, גבעתיים",,
אלמוג שיראל צילום | Almog Shirel Haynes,,אטרקציות,https://engaged.co.il/המלצות/אלמוג-שיראל-צילום.html,,,052-6394414,,0.0,0,"מבוא יערה 4, מבשרת ציון",,
תקליט | TAKLIT,,אטרקציות,https://engaged.co.il/המלצות/תקליט-2.html,,,0515955044,,0.0,0,,,
טאג-בוקס | Tagbox עמדת צילום לאירועים,,אטרקציות,https://engaged.co.il/המלצות/tagbox-טאגבוקס-עמדות-צילום-לאירועים.html,,,054-2051052,https://www.tagbox.co.il,0.0,0,"שמואל תמיר 45, תל אביב-יפו",,
ממורה | Memora לכל תמונה יש כתובת,,אטרקציות,https://engaged.co.il/המלצות/ממורה.html,,,,https://memora.ai,0.0,0,,,
סאן פלוור לווור | San flower lover עמדת שזירת פרחים לאירועים,,אטרקציות,https://engaged.co.il/המלצות/סאן-פלוור-לווור.html,,,,,0.0,0,Ramat Gan,,
Say Love - עמדת צילום לאירועים | Say Love עמדת צילום ווינטג',,אטרקציות,https://engaged.co.il/המלצות/say-love-עמדת-צילום-לאירועים.html,,,0526372199,,0.0,0,"אליעזר מזל 4, קומה 1, ראשל""צ מערב",,
הההההה,,אטרקציות,https://engaged.co.il/המלצות/הההההה.html,,,,,0.0,0,,,
אורלי מעצבת בפרחים | אורלי בן שושן עמדות שזירה/ פרחים מרהיבו,,אטרקציות,https://engaged.co.il/המלצות/אורלי-מעצבת-בפרחים.html,,,0506794060,,0.0,0,ראשון לציון,,
הצלם | Hatzalam צילום ומגנטים לאירועים,,אטרקציות,https://engaged.co.il/המלצות/הצלם.html,,,053-4444-949,,0.0,0,"הערבה 18, מושב מגשימים",,
טליס פלאוור | Tali's Flower עמדות שזירת פרחים,055-4547301,אטרקציות,https://engaged.co.il/המלצות/tali-s-flower.html,,,050-659-55-48,,0.0,0,"אליעזר מזל 4, קומה 1, ראשון לציון",,
צייר לי כבשה קריקטורות+איורים לאירועים,,אטרקציות,https://engaged.co.il/המלצות/צייר-לי-כבשה.html,,,054-4517939,,0.0,0,,,
קסם השמן | shaul samoelov מוצרים טבעיים ודקורטיביים,,אטרקציות,https://engaged.co.il/המלצות/קסם-השמן.html,,,050-6794003,,0.0,0,"פרידלנד צבי 6, תל אביב",,
דונאט דרימס | DONUT DREAMS קיר דונאטס של השמחות,,אטרקציות,https://engaged.co.il/המלצות/קורל-נחמה.html,,,054-204-6202,,0.0,0,,,
פיקצ'ר | Pickture.ai סלפי אחד - וכל אורח מקבל,,אטרקציות,https://engaged.co.il/המלצות/פיקצר.html,,,054-2044336,https://pickture.ai,0.0,0,Tel Aviv,,
סטורי בוקס | storybox עמדת צילום לאירועים,,אטרקציות,https://engaged.co.il/המלצות/סטורי-בוקס.html,,,055-5040309,https://storybox.co.il,0.0,0,"יגאל אלון, תל אביב יפו",,
גט סמייל | Getsmile עמדת צילום לאירועים,,אטרקציות,https://engaged.co.il/המלצות/גט-סמייל.html,,,052-649-39-83,https://megasmile.co.il,0.0,0,,,
פירולייט אטרקציות לחתונה,,אטרקציות,https://engaged.co.il/המלצות/פירולייט.html,,,0533402471,https://www.instagram.com/event_attractions,0.0,0,,,
White Event אטרקציות לחתונה,,אטרקציות,https://engaged.co.il/המלצות/white-event.html,,,,,0.0,0,Ashqelon,,
וואם WEM,,אטרקציות,https://engaged.co.il/המלצות/וואם.html,,,,,0.0,0,,,
סמבו הפקות | Sambo מתופפים ושופרות לחתונה,,אטרקציות,https://engaged.co.il/המלצות/סמבו-הפקות.html,,,054-3159101,,0.0,0,"נחלת בנימין 132, תל אביב",,
טליה סי | Talia C מתנות חתונה ייחודיות,,אטרקציות,https://engaged.co.il/המלצות/טליה-סי.html,,,054-2275283,,0.0,0,Efrat,,
הרמיטאג האירוע שלכם היצירה שלנו,,אטרקציות,https://engaged.co.il/המלצות/הרמיטאג.html,,,,,0.0,3,"הפלדה 1, אור יהודה",,
דודי וענבל | Dudy & Inbal Caricatures מי שלא מצטייר מצטער,,אטרקציות,https://engaged.co.il/המלצות/דודי-וענבל.html,,,+972 54-457-1346,,0.0,0,,,
צייר קריקטורות לחתונה,,אטרקציות,https://engaged.co.il/המלצות/צייר-קריקטורות-לחתונה.html,,,055-432-2440,...,0.0,0,...,,
מאר ג׳רז עוגות בצנצנות | Mar Jarz,,אטרקציות,https://engaged.co.il/המלצות/מאר-ג׳רז-עוגות-בצנצנות.html,,,,,0.0,0,Tel Aviv,,
מדבקה לרצפת הרחבה,077-7299539,אטרקציות,https://engaged.co.il/המלצות/דפוס-האירועים.html,,,077-7299539,,0.0,0,,,
פרי דידי | Didis_fruit פרידידי- פירות לאירועים,,אטרקציות,https://engaged.co.il/המלצות/פרי-דידי.html,,,0548850347,,0.0,0,ראשון לציון,,
מייסלף | Myself עמדת צילום,,אטרקציות,https://engaged.co.il/המלצות/מייסלף.html,,,052-6788383,,0.0,0,,,
סיגרים לכל כיס | Low Budget Cigars,,אטרקציות,https://engaged.co.il/המלצות/סיגרים-לכל-כיס.html,,,052-4089955,,0.0,0,"חרמון 7, שוהם",,
אולם פרחים | Olam Haprahim,,אטרקציות,https://engaged.co.il/המלצות/אולם-פרחים.html,,,054-2041235,,0.0,0,"אליעזר מזל 4 קומה 1 ראשל""צ מערב",,
מגנטים HITI מגנטים לחתונה,055-4547294,אטרקציות,https://engaged.co.il/המלצות/מגנטים-hiti.html,,,055-4547294,https://www.facebook.com/people/%D7%9E%D7%92%D7%A0%D7%98%D7%99%D7%9D-%D7%94%D7%99%D7%98%D7%99-HITI-Magnet/100063499426966/,0.0,0,נתניה,,
סטודיו ספיר אפרת עמדות איפור וציור גוף,,אטרקציות,https://engaged.co.il/המלצות/סטודיו-ספיר-אפרת.html,,,050-572-0709,https://www.facebook.com/sapirefrat.studio,0.0,0,מושב ישרש,,
יהונתן - ציורי חתונה | Jonathan Art צייר חתונות בלייב,,אטרקציות,https://engaged.co.il/המלצות/יהונתן-ציורי-חתונה.html,,,054-2030248,,0.0,0,,,
סיאלו | Cielo lighting גשרי תאורה לכל אירוע,,אטרקציות,https://engaged.co.il/המלצות/סיאלו.html,,,0528619024,,0.0,0,איזור תל אביב,,
יהודה אוr | yehuda or צילום מקצועי לאירועים,,אטרקציות,https://engaged.co.il/המלצות/יהודה-אוr.html,,,,,0.0,0,,,
מושיקו אסרף | Moshe Asraf מגנטים ואטרקציות,,אטרקציות,https://engaged.co.il/המלצות/מומגנט.html,,,052-464-6865,,0.0,0,Haifa,,
ERA Production | ERA Production,,אטרקציות,https://engaged.co.il/המלצות/era-production.html,,,,,0.0,0,Netanya,,
שאהבה נפשי מארזים לאירועים,,אטרקציות,https://engaged.co.il/המלצות/שאהבה-נפשי.html,,,055-7794709,,0.0,0,פתח תקווה,,
Eventesize - אירועים | Eventesize שירות אלבום תמונות אישי,,אטרקציות,https://engaged.co.il/המלצות/eventesize-אירועים.html,,,052-8977218,https://www.instagram.com/eventesize,0.0,0,כל הארץ,,
טריו פולארויד | T.R.I.O Polaroid מתעדים רגעים חד פעמיים,,אטרקציות,https://engaged.co.il/המלצות/טריו-פולארויד.html,,,054-4635600,https://www.instagram.com/trio.polaroid,0.0,0,,,
קיאק פירות בחתונה קיאקי פירות איכותיים 🍍,,אטרקציות,https://engaged.co.il/המלצות/קיאק-בחתונה.html,,,,,0.0,0,,,
פוקוס צילום אירועים | Focus,,אטרקציות,https://engaged.co.il/המלצות/ספיר-משה.html,,,054-3380898,http://focusphoto.co.il,0.0,0,"ההגנה 24, נהריה",,
גילי גלעדי | Gili Giladi אטרקציות לחתונה,,אטרקציות,https://engaged.co.il/המלצות/גילי-גלעדי.html,,,050-5320771,,0.0,0,גן יבנה,,
גן סטודיו | GAN STUDIO מוצרים ממותגים וסדנאות,,אטרקציות,https://engaged.co.il/המלצות/גן-סטודיו.html,,,055-5611668,,0.0,0,"הרצל 71, רמת גן",,
קיאקי פירות יוקרתיים | Eden pri harets עדן פרי הארץ,,אטרקציות,https://engaged.co.il/המלצות/קיאקי-פירות-יוקרתיים.html,,,052-6261762,,0.0,0,"רמז 29, נתניה",,
פלאוור בוט | flower booth עיצוב בפרחים,,אטרקציות,https://engaged.co.il/המלצות/flower-booth.html,,,054-7649988,flower-booth.com,0.0,0,"אליעזר מזל 4 קומה 1 ראשל""צ מערב",,
Flower Me | Flower Me -שזירת פרחים לחתונה,,אטרקציות,https://engaged.co.il/המלצות/flower-me.html,,,054-2044434,,0.0,0,,,
הראשון במגנט אטרקציות לחתונה,,אטרקציות,https://engaged.co.il/המלצות/הראשון-במגנט.html,,,052-523-4558,firstmagnet.co.il,0.0,0,"משה לוי 8, ראשון לציון",,
שרון כהן | Sharon עמדות צילום לאירועים,,אטרקציות,https://engaged.co.il/המלצות/שרון-כהן.html,,,054-4850419,http://www.faceitattractions.co.il,9.64,36,רחובות-יבנה-נס ציונה,,
עיתון בהפתעה מגזין חתונה בעיצוב אישי,,אטרקציות,https://engaged.co.il/המלצות/עיתון-בהפתעה.html,,,053-525-1231,,0.0,0,"הכרמל 1, אור עקיבא",,
אביה ציורי פולמון | Aviya Face Art אביה אומנית פנים,,אטרקציות,https://engaged.co.il/המלצות/אביה-ציורי-פולמון.html,,,052-666-4145,https://aviyafaceart.wixsite.com,0.0,0,"תושיה, 85230",,
לבו פרודקשין | Levo production אטרקציות והפקות אירועים,0536216686,אטרקציות,https://engaged.co.il/המלצות/לבו-פרודקשין.html,,,054-715-4033,http://levo-production.co.il,0.0,3,ראשון לציון,,
סטודיו לבנדר | Studio Lavender עיצוב חתונות |שזירת פרחים,,אטרקציות,https://engaged.co.il/המלצות/סטודיו-לבנדר.html,,,052-5622077,https://www.facebook.com/100090348469702,0.0,0,באר שבע,,
רנה | Renne חנות אירועים,,אטרקציות,https://engaged.co.il/המלצות/רנה-חנות-אירועים.html,,,,,0.0,0,ראשון לציון,,
פולה פולארויד | We Are Pola Polaroid 3..2..1 התמונה ביד ו-ואוו,,אטרקציות,https://engaged.co.il/המלצות/פולה-פולארויד.html,,,054-4448554,,0.0,0,"Tel Aviv-Yafo, Israel",,
באבום | Baboom בלונים לאירועים,,אטרקציות,https://engaged.co.il/המלצות/baboom.html,,,054-6135395,,0.0,0,,,
בלוק אוקלוק | Block o'clock,,אטרקציות,https://engaged.co.il/המלצות/בלוק-אוקלוק.html,,,050-5494094,https://www.instagram.com/evento_clock,0.0,0,,,
נעם מרזוק | Noam Marzook איור ואנימציה,,אטרקציות,https://engaged.co.il/המלצות/נעם-מרזוק-איור-ואנימציה.html,,,,,0.0,0,Israel,,
תוצרת הגולן | Made in Golan עגלת גלידה לאירועים,,אטרקציות,https://engaged.co.il/המלצות/תוצרת-הגולן.html,,,052-546-2766,https://www.madeingolan.org.il/,0.0,0,"מושב נטור, רמת הגולן",,
מיסטר בוקס | Mr.Box עמדת צילום סטריפ מעוצבת,,אטרקציות,https://engaged.co.il/המלצות/מיסטר-בוקס.html,,,050-560-6081,,0.0,0,,,
גולדן מירור | Golden mirror עמדת צילום,,אטרקציות,https://engaged.co.il/המלצות/גולדן-מירור.html,,,0503459450,,0.0,0,Ashdod,,
ליאור כפיר צילום אירועים/מגנטים,055-4339926,אטרקציות,https://engaged.co.il/המלצות/ליאור-כפיר.html,,,0528995223,,0.0,0,,,
LASER SHOW TIME,,אטרקציות,https://engaged.co.il/המלצות/laser-show-time.html,,,054-7546452,,0.0,0,,,
סאנוק קוקטייל | Sanuk cocktails בר קוקטיילים אלכוהול נייד,,אטרקציות,https://engaged.co.il/המלצות/סאנוק-קוקטייל.html,,,052-8407716,,0.0,0,,,
סיי-יוו | C-you מגנטים מיוחדים בעריכת AI,,אטרקציות,https://engaged.co.il/המלצות/סיי-יוו.html,,,054-9443210,,0.0,0,,,
שולמן תכשיטים ושעונים | Shulman טבעות נישואים ואירוסין,077-9975884,אטרקציות,https://engaged.co.il/המלצות/שולמן-תכשיטים-ושעונים.html,,,08-9466493,,0.0,0,"הרצל 169, רחובות",,
א.פ,,אטרקציות,https://engaged.co.il/המלצות/אפ-5.html,,,,...,0.0,0,בני ברק,,
דיגיטל סיין | Digital sign - פילטר חתונה באינסטגרם,,אטרקציות,https://engaged.co.il/המלצות/עדן-לורנץ-digital-sign.html,,,052-7815260,,0.0,0,Rehovot,,
פאשן פרוט | Fashion Fruits פירות מעוצבים,,אטרקציות,https://engaged.co.il/המלצות/פאשן-פרוט.html,,,"0506355654, 0522226586",,0.0,0,Bat Yam,,
Indigo Raven ציור לייב איור אורחים בלייב לחתונות,,אטרקציות,https://engaged.co.il/המלצות/indigo-raven-ציור-לייב.html,,,0545086969,,0.0,0,"מרכז, איזור תל אביב",,
מתנה מושלמת | Perfect gift אתכם בכל אירוע,,אטרקציות,https://engaged.co.il/המלצות/מתנה-מושלמת.html,,,058-6864488,https://perfect-gift.co.il,0.0,0,ראשון לציון,,
בת-אל קרקוקלי | batel kararukli מתופפת,,אטרקציות,https://engaged.co.il/המלצות/בת-אל-קרקוקלי.html,,,054-4787146,,0.0,0,,,
led vision עמדת צילום לאירועים,,אטרקציות,https://engaged.co.il/המלצות/led-vision.html,,,0526353837,,0.0,0,,,
פנטסטיקו | Fantastico אטרקציות לאירועים מושלמים,,אטרקציות,https://engaged.co.il/המלצות/פנטסטיקו.html,,,,,0.0,0,,,
שוויפטי | Schwifty צילום ואטרקציות לאירועים,,אטרקציות,https://engaged.co.il/המלצות/שוויפטי.html,,,052-842-0914,https://www.facebook.com/magnetonn,0.0,0,Ashdod,,
"אבי אקריש | Aviolin אביולין, כנר לאירועים",,אטרקציות,https://engaged.co.il/המלצות/אבי-אקריש.html,,,052-6523121,,0.0,0,,,
Studio Brandi | Studio Brandi מגנטים ובלוקים לאירועים,,אטרקציות,https://engaged.co.il/המלצות/studio-brandi.html,,,054-2516766,,0.0,0,"נחל דולב 92, בית שמש",,
דרור ממן אטרקציות לאירועים,,אטרקציות,https://engaged.co.il/המלצות/דרור-ממן.html,,,050-5553831,,0.0,0,"הרב הרצוג 4, פתח תקווה",,
סאנשיין | SUNSHINE עולם הסוקולנטים,,אטרקציות,https://engaged.co.il/המלצות/סאנשיין.html,,,0795805340,https://www.sun-shine.co.il,0.0,0,בית חנן,,
סטרינגס | STRINGS חוטים שמחברים בין כולם..,,אטרקציות,https://engaged.co.il/המלצות/סטרינגס.html,,,054-7541113,,0.0,0,,,
שוזרת | Shozeret לשזור רגעים מיוחדים,,אטרקציות,https://engaged.co.il/המלצות/שוזרת.html,,,052-440-8218,,5.0,13,Rehovot,,
באז אטרקציות | Buzz אטרקציות לחתונה,,אטרקציות,https://engaged.co.il/המלצות/באז-אטרקציות.html,,,054-449-9921,https://www.buzz-attractions.com/,0.0,0,Kiryat Gat,,
מג'יק נייט | Magic Night אטרקציות לאירועים,055-4547328,אטרקציות,https://engaged.co.il/המלצות/magic-night-אטרקציות-לאירועים.html,,,052-3904798,,0.0,0,,,
מיטליס פול מון | Meitalis Full Moon אטרקציות ועיצוב אירועים,,אטרקציות,https://engaged.co.il/המלצות/מיטליס-פול-מון-פארטי-לאירועים.html,,,052-2408018,,0.0,0,"צה""ל 24, הרצליה",,
פילבוקס | FeelBox עמדת צילום לאירועים,,אטרקציות,https://engaged.co.il/המלצות/פילבוקס.html,,,052-5306688,,0.0,0,,,
טאטוטופיה | הילה בוקר קעקועים זמניים לחתונה,,אטרקציות,https://engaged.co.il/המלצות/טאטוטופיה.html,,,054-5648977,,0.0,0,רח' הקונגרס חדרה,,
רן שיטרית | Ran shitrit Teamמגנט,,אטרקציות,https://engaged.co.il/המלצות/ran-shitrit.html,,,052-898-0402,https://www.ran-shitrit.co.il/,5.0,149,"Ha-Narkis St 4, Netanya, Israel",,
מיכאל הצלם | Mikael hatzalam צילום סטילס ומגנטים,,אטרקציות,https://engaged.co.il/המלצות/מיכאל-הצלם.html,,,058-7697555,http://michael-photographer.co.il,0.0,0,"חפץ חיים, קרית יערים",,
ממו | MEMO הדור הבא של המגנטים!,,אטרקציות,https://engaged.co.il/המלצות/ממו-2.html,,,,https://memo.it,0.0,0,,,
למה? כובע! | lAMACOVA כובעי ספוג צבעוניים לרחבה,,אטרקציות,https://engaged.co.il/המלצות/למה-כובע.html,,,,,0.0,0,Petah Tikva,,
דומילה | dumila מזכרות עם אמביגרמות,,אטרקציות,https://engaged.co.il/המלצות/דומילה.html,,,054-6330730,,0.0,0,מרחב עם,,
עידן מגנטים | IBA PHOTOGRAPHER,,אטרקציות,https://engaged.co.il/המלצות/עידן-מגנטים.html,,,0502044133,,0.0,0,,,
פרי נהדר | Great fruit אטרקציית פירות לאירועים,,אטרקציות,https://engaged.co.il/המלצות/פרי-נהדר.html,,,0506569690,,0.0,0,Ashqelon,,
שייני בוקס | shiny box אטרקציות לאירועים,,אטרקציות,https://engaged.co.il/המלצות/שייני-בוקס.html,,,052-2924102,,0.0,0,"העמל 1, רמת גן",,
גיגריה | JIGGERIA שירותי בר וקוקטיילים,,אטרקציות,https://engaged.co.il/המלצות/גיגריה.html,,,054-7922926,https://jiggeria.co.il,0.0,0,"אבן שושן אברהם 0, תל אביב יפו",,
Moment's עמדות שזירה,,אטרקציות,https://engaged.co.il/המלצות/moment-s-עמדת-שזירה-לחתונה.html,,,0549395254,https://www.instagram.com/moments.for.events/,0.0,0,Rehovot,,
סלפיז | Selfies עמדת סלפי מראה לאירועים,,אטרקציות,https://engaged.co.il/המלצות/סלפיז.html,,,055-5623901,https://selfies.co.il/,0.0,0,אזור השרון,,
"770 אולפן הקלטות | 770FM הקלטת ברכת כלה ""און ליין""",,אטרקציות,https://engaged.co.il/המלצות/770-אולפן-הקלטות.html,,,050-7384444,,0.0,0,,,
נתן בן דוד | נתן בן דוד נתן בן דוד,,אטרקציות,https://engaged.co.il/המלצות/נתן-בן-דוד.html,,,03-5182119,,0.0,0,"עזה 8, תל אביב יפו 6818110",,
זמן חתונה | Wedding Time צילום ואטרקציות לחתונות,,אטרקציות,https://engaged.co.il/המלצות/זמן-חתונה.html,,,050-4443130,,0.0,0,"הושע 10, פתח תקווה",,
פיור קר | Pure Care אחות עד אליכם ביום החתונה,,אטרקציות,https://engaged.co.il/המלצות/פיור-קר.html,,,0548141300,,0.0,0,,,
אביב אברמוביץ | Aviv Abramovich תאורה והגברה לאירועים,,אטרקציות,https://engaged.co.il/המלצות/אביב-אברמוביץ.html,,,050-213-2545,,0.0,0,Haifa,,
במבינו אירועים | Bambino events מגנטים ובלוקים,,אטרקציות,https://engaged.co.il/המלצות/במבינו-אירועים.html,,,0585110299,https://www.facebook.com/Bambinoevents01,0.0,0,,,
מגנט לכל אירוע מגנטים לחתונה,,אטרקציות,https://engaged.co.il/המלצות/מגנט-לכל-אירוע.html,,,0585100587,,0.0,0,,,
המזכרת שלי | Hamazkeret Sheli עיצוב ומיתוג אירועים,,אטרקציות,https://engaged.co.il/המלצות/המזכרת-שלי.html,,,054-863-8000,,0.0,0,חיפה,,
יעקב שלוש צילום ; | YakovShlushPhotography,,אטרקציות,https://engaged.co.il/המלצות/יעקב-שלוש-צילום.html,,,054-3988909,http://ysphotography.co.il,0.0,0,נהריה,,
שמביבוקס עמדת צילום | שמביBOX שמביBOX עמדתצילום לאירועי,,אטרקציות,https://engaged.co.il/המלצות/שמביבוקס-עמדת-צילום.html,,,0528962720,,0.0,0,כרמיאל,,
לביא אטרקציות | L.I production,,אטרקציות,https://engaged.co.il/המלצות/לביא-אטרקציות-2.html,,,050-2584216,,0.0,0,"תבור 119, שוהם",,
"סטודיו אר. קי. אי | Studio R.K.A מגנטים, אינסטבלוק ועוד",,אטרקציות,https://engaged.co.il/המלצות/karin-rahmani.html,,,050-8458334,,0.0,0,"טיילת הספורט 288, דימונה",,
קומיקס הפעלות,,אטרקציות,https://engaged.co.il/המלצות/קומיקס-הפעלות.html,,,,,0.0,0,,,
פרחים לכל רגע | regaim.byirit פרחים לכל רגע,,אטרקציות,https://engaged.co.il/המלצות/פרחים-לכל-רגע.html,,,050-6440045,https://regaimbyirit.com,0.0,0,"שמעון בר גיורא 55, באר שבע",,
שיראזי | Shirazi-productions אטרקציות והפקות אירועים,,אטרקציות,https://engaged.co.il/המלצות/לידור-שירזי.html,,,050-7529364,,0.0,0,"אדום 2, פארק תעשיות כנות",,
כומגנט | CoMagnet צילום מגנטים לאירועים,,אטרקציות,https://engaged.co.il/המלצות/כומגנט.html,,,050-9356113,,0.0,0,,,
בובות ענק בובות ענק מתנפחות,,אטרקציות,https://engaged.co.il/המלצות/בובות-ענק.html,,,054-6715567,,0.0,0,,,
טרופיק פרי,,אטרקציות,https://engaged.co.il/המלצות/טרופיק-פרי.html,,,055-8787654,http://www.tropicfruits.co.il,0.0,0,בני יהודה 1,,
מרקו פולארויד | MARCO POLAROID קסם על פילם,,אטרקציות,https://engaged.co.il/המלצות/מרקו-פולארויד.html,,,,,0.0,0,,,
אליהו ידגרוב | Dj Eliyahu Yadgarov,,מוזיקה,https://engaged.co.il/המלצות/dj-eliyahu-yadgarov.html,,,058-4474558,https://www.instagram.com/dj_eliyahu_yadgarov,0.0,0,תל אביב יפו,,
מישל פיבוברוב | Mishelle Pivovarov זמרת חופות,,מוזיקה,https://engaged.co.il/המלצות/מישל-פיבוברוב.html,,,052-5111161,,0.0,0,,,
אפקט המוסיקה Dj's תקליטן Dj לחתונות,,מוזיקה,https://engaged.co.il/המלצות/אפקט-המוסיקה-djs.html,,,052-3311961,http://effect-m.co.il,0.0,0,"יששכר 9, קרית מוצקין",,
שרון גדסי | Sharon Gadasi דיג'יי לחתונה,,מוזיקה,https://engaged.co.il/המלצות/שרון-גדסי.html,,,+972 52-325-5717,,0.0,0,"ארלוזורוב 17, רחובות",,
דיג׳י איזי | DJ EASY EASY,,מוזיקה,https://engaged.co.il/המלצות/דיגיי-איזי.html,,,050-7984019,,4.85,400,"שכונת פסגת השרון, תל מונד",,
ים גולד גרופ | YAM GOLD GROUP מוסיקה עושים רק מאהבה,,מוזיקה,https://engaged.co.il/המלצות/dj-yam-gold.html,,,050-7462002,,0.0,0,"אלמליח 1, בת ים",,
אריאל ודור - צמד גיטרו | Ariel and Dor - Guitar Duo דבר ראשון - חוויה מרגשת.,,מוזיקה,https://engaged.co.il/המלצות/אריאל-ודור-צמד-גיטרו.html,,,052-5441818,,0.0,0,מרכז,,
ליאור פרץ | Full Volume דיגיי לחתונה,055-4547313,מוזיקה,https://engaged.co.il/המלצות/ליאור-פרץ.html,,,052-3300403,https://fullvolume.co.il/,0.0,0,נלי זקס 6,,
גאמוס | Gamos DJ דיג'יי לירז סימן טוב,055-4547298,מוזיקה,https://engaged.co.il/המלצות/גאמוס-דיגיי.html,,,052-222-4221,,0.0,0,"דוד סחרוב 19 ראשון לציון, Israel",,
דיג׳יי עמית מאיר | Amit Meir מוסיקה לחתונות,,מוזיקה,https://engaged.co.il/המלצות/דיג׳יי-עמית-מאיר.html,,,,amitmeir.co.il,0.0,0,"חרמון 5, Or Yehuda, Israel, 6041910",,
נגן בוזוקי לאירועים | Ohad Bouzouki נגן בוזוקי לאירועים אוהד,,מוזיקה,https://engaged.co.il/המלצות/נגן-בוזוקי-לאירועים.html,,,052-2509531,https://www.facebook.com/bouzoukiyasou,0.0,0,דרום,,
DJ Lior Amit | Dj Lior Amot,,מוזיקה,https://engaged.co.il/המלצות/dj-lior-amit.html,,,050-7663480,http://djlior.co.il,0.0,0,"דרך לב השרון, קדימה צורן, 60920",,
טומי בלנקי | Tok Dj,,מוזיקה,https://engaged.co.il/המלצות/טומי-בלנקי.html,,,052-6555261,https://www.facebook.com/Tommy.K.Official,0.0,0,,,
DJ Ben Hirshfeld | DJ Ben Hirshfeld,,מוזיקה,https://engaged.co.il/המלצות/dj-ben-hirshfeld.html,,,0584352711,https://www.facebook.com/djbenhirshfeld,0.0,0,Tel Aviv-Yafo,,
זיו לזרוביץ | Ziv Lazarovitch,055-4537220,מוזיקה,https://engaged.co.il/המלצות/זיו-לזרוביץ.html,,,052-6797079,https://www.facebook.com/zivlazrovitchofficial,0.0,0,,,
די ג׳יי אוסי יניב | Dj Ossie Yaniv,,מוזיקה,https://engaged.co.il/המלצות/יניב-אוסי.html,,,,,0.0,0,Ramat Gan,,
דיג'יי דניאל בן דוד | DJ Daniel Ben David חתונות ואירועים מיוחדים,,מוזיקה,https://engaged.co.il/המלצות/דיגיי-דניאל-בן-דוד.html,,,050-8682100,,0.0,0,אזור השפלה,,
דיג'יי טל מור | DJ Tal mor,,מוזיקה,https://engaged.co.il/המלצות/טל-מור.html,,,,,0.0,0,"אליעזר מזל 4 קומה 1 ראשל""צ מערב",,
טל פינטו | DJ TALPI DJ Talpi דיג'יי לאירועים,,מוזיקה,https://engaged.co.il/המלצות/טל-פינטו.html,,,054-6962254,,0.0,0,"הרצל 57, בת ים",,
גידי אסייג | DJ Gidi Assayag די ג'יי לחתונה,055-4547324,מוזיקה,https://engaged.co.il/המלצות/די-גיי-גידי-אסייג.html,,,050-5927288,http://djgidiassayag.com,0.0,0,"3 היצהר, ראשון לציון",,
קאלופה | KALOPA תקליטנים לחתונה,055-4547303,מוזיקה,https://engaged.co.il/המלצות/רונן-כהן-קאלופה.html,,,+0522209219,http://www.kalopa.co.il,0.0,0,"הבשור 198, שוהם",,
המטפסים דיג׳י | Hametapsim Djs,,מוזיקה,https://engaged.co.il/המלצות/המטפסים-דיג׳י.html,,,054-2050958,,0.0,0,"שמוטקין 21, ראשון לציון",,
יובל ענבר | Acapella אקפלה תקליטנים,,מוזיקה,https://engaged.co.il/המלצות/יובל-ענבר.html,,,052-3586868,,0.0,0,"מצדה (כנרת) 9, בני ברק",,
לוס ריסוס | Los Rizos גיטרה ושירה לקבלת פנים,,מוזיקה,https://engaged.co.il/המלצות/לוס-ריסוס.html,,,054-5226162,,0.0,0,,,
דיגיי משה בי | Dj Moshe B שירותי מוסיקה לאירועים,055-4547331,מוזיקה,https://engaged.co.il/המלצות/דיגיי-משה-בי.html,,,052-4235911,,0.0,0,רחובות,,
להקת פלמנקובה | Flamencuba הרכב חתונות לטיני ספרדי,,מוזיקה,https://engaged.co.il/המלצות/להקת-פלמנקובה.html,,,0524308700,https://www.instagram.com/flamencuba.band/,0.0,0,,,
דיג׳יי ליק | Dj Lic שירותי מוסיקה,,מוזיקה,https://engaged.co.il/המלצות/אלי-טוינה.html,,,0522967041,www.DjLic.co.il,0.0,0,"שדרות נים 2, ראשון לציון",,
דיגיי שגיא יעקובי | dj Sagi yakobi דיגיי לחתונות,055-4318477,מוזיקה,https://engaged.co.il/המלצות/די-גי-שגיא-יעקובי.html,,,,,0.0,0,,,
נאור משעלי | Naor Mishali זמר החתונות,,מוזיקה,https://engaged.co.il/המלצות/נאור-משעלי.html,,,054-9333316,...,0.0,0,...,,
כפיר רז | Kfir Raz,,מוזיקה,https://engaged.co.il/המלצות/כפיר-רז.html,,,0544640409,,0.0,0,"קיבוץ גלויות 73, תל אביב-יפו",,
פרימה ויסטה | PRIMA VISTA ככה מקבלים אורחים,,מוזיקה,https://engaged.co.il/המלצות/prima-vista.html,,,052-8983272,,0.0,0,שרון,,
ברק עטיה | Barak atia Dj+צילום+אטרקציות,,מוזיקה,https://engaged.co.il/המלצות/ברק-עטיה.html,,,054-5262503,,0.0,0,"טשרניחובסקי 1, ראשון לציון",,
עדן הפקות | עדן בן זקן אירועים מושלמים זה אצלנו,,מוזיקה,https://engaged.co.il/המלצות/עדן-הפקות.html,,,050-5533448,https://www.facebook.com/EdenBenZakenOfficial,0.0,0,"רחוב החבצלת 1, בוסתן הגליל",,
אופוריה | מוש אופוריה מוסיקה לאירועים,055-4547311,מוזיקה,https://engaged.co.il/המלצות/אופוריה-דיגיי.html,,,052-8977933,,0.0,0,"אריה שנקר 4, הרצליה פיתוח",,
DJ Or Azulay | The Power Of Music,,מוזיקה,https://engaged.co.il/המלצות/dj-or-azulay.html,,,052-4222795,,0.0,0,,,
אפרת וינוגרד | DJ YAFFTY,,מוזיקה,https://engaged.co.il/המלצות/אפרת-וינוגרד.html,,,0584425413,,0.0,0,קרית שמונה,,
רובי כהן | dj Robi Cohen דיגיי לחתונה,,מוזיקה,https://engaged.co.il/המלצות/רובי-כהן-דיגיי.html,,,058-4444558,https://djrobicohen.wixsite.com/main/home,0.0,0,"עירית 5, תל אביב יפו",,
רי מיוזיק | Ri-Music באים ! שוברים ! רוקדים !,,מוזיקה,https://engaged.co.il/המלצות/רי-מיוזיק.html,,,052-8032120,,0.0,0,,,
מוטי קקון | Moti Kakun,,מוזיקה,https://engaged.co.il/המלצות/מוטי-קקון.html,,,,https://www.instagram.com/djmotikakun,0.0,0,,,
טינה-נאי-נאי | TiNA-NAY-NAY באים לעשות שמח 👏✨,,מוזיקה,https://engaged.co.il/המלצות/tina_nay_nay.html,,,,,0.0,0,,,
סווינג דיגייס | Swing Djs תקליטנים לחתונה,,מוזיקה,https://engaged.co.il/המלצות/סווינג-דיגייס.html,,,,,0.0,85,Tel Aviv,,
די ג'יי אסף אריכא | DJ Assaf Aricha די ג'יי לחתונות,,מוזיקה,https://engaged.co.il/המלצות/די-גיי-אסף-אריכא.html,,,050-5567078,https://www.dj-assaf-aricha.com/,0.0,0,"האלון 27, כרמי יוסף",,
קלאמוס | KLAMOS - Shimi Ohayon תתחתנו... איתנו!,,מוזיקה,https://engaged.co.il/המלצות/קלאמוס.html,,,050-6000353,http://www.klamos.co.il,0.0,0,ראשון לציון,,
רועי בוקרה | Roy Bukra DJ'S,,מוזיקה,https://engaged.co.il/המלצות/רועי-בוקרה-dj.html,,,077-8012888,http://www.djroyb.co.il,0.0,0,"העבודה 7, ראש העין",,
עידן שלום | Idan Shalom דיג'יי לחתונות ואירועים,,מוזיקה,https://engaged.co.il/המלצות/עידן-שלום.html,,,,,0.0,0,,,
רוקי ביטס תיפוף לאירוע | Rocky Beats תיפוף אפריקאי LIVE ON DJ,,מוזיקה,https://engaged.co.il/המלצות/רוקי-ביטס-תיפוף-לאירוע.html,,,052-8760748,,0.0,0,,,
אסף טוביה | ASSAF TUVIA מהבמות הגדולות בעולם,,מוזיקה,https://engaged.co.il/המלצות/אסף-טוביה.html,,,054-6862562,,0.0,0,,,
קואלה דיגייס | Koala dj's תקליטנים לחתונה,,מוזיקה,https://engaged.co.il/המלצות/קואלה-דיגייס.html,,,050-6800389,http://koala-dj.co.il,5.0,3,Petah Tikva,,
יהודה יפרח זמר חופות וסלואו,,מוזיקה,https://engaged.co.il/המלצות/יהודה-יפרח.html,,,052-9426309,,0.0,0,מושב גפן,,
דיג'יי דניאל כהן | DJ Daniel Cohen דיג'ייס,,מוזיקה,https://engaged.co.il/המלצות/דיגיי-דניאל-כהן.html,,,050-531-5805,https://dcdj1212.wixsite.com/my-site-4,0.0,0,"יחזקאל שטרייכמן 20, תל אביב",,
איתי שדה | Eitay Sade דיג'יי לחתונה,,מוזיקה,https://engaged.co.il/המלצות/איתי-שדה.html,,,0522547742,,0.0,0,"הרב ד""ר משה אויערבך 5, פתח תקווה",,
קוואטרו דיג'ייס | Quattro Dj,,מוזיקה,https://engaged.co.il/המלצות/קוואטרו-dj.html,,,0507185888,,0.0,0,"סחרוב 5, ראשון לציון",,
אביב ויצמן,,מוזיקה,https://engaged.co.il/המלצות/אביב-ויצמן.html,,,,,0.0,0,"אלה 2, אחוזת ברק",,
פיל לרנר | DJ Phil Lerner דיג'יי,,מוזיקה,https://engaged.co.il/המלצות/dj-phil-lerner.html,,,052-9171708,,0.0,0,"Sapir Street 5, Kiryat Motzkin",,
רועי בן אבי | Roy Ben Avi DJ לאירועים מיוחדים,,מוזיקה,https://engaged.co.il/המלצות/רועי-בן-אבי.html,,,050-7262711,https://soundcloud.com/djroybenavi/melodic-techno-set-vol-1,0.0,0,"הרי גלעד 20, הרצליה",,
אבשה תקלוט חתונות לייב | Avsha Live Wedding Dj אירוע פרוע ולא שגרתי!,,מוזיקה,https://engaged.co.il/המלצות/אבשה-תקלוט-חתונות-לייב.html,,,050-6582522,,0.0,0,שרון,,
עילי דהן | Ilay dahan Good Music Happy People,053-9427795,מוזיקה,https://engaged.co.il/המלצות/עילי-דהן.html,,,053-9427795,,0.0,0,,,
פופלקס | Poplex דיג'יי לחתונה,055-4547295,מוזיקה,https://engaged.co.il/המלצות/dj-poplex.html,,,050-5247197,https://www.facebook.com/orenpoplex,0.0,0,"מש' השוהם 3, חולון",,
Dj שלומי שחף | Shlomi Shahaf תנו למוזיקה לדבר,,מוזיקה,https://engaged.co.il/המלצות/שלומי-שחף.html,,,050-9011188,,0.0,0,חדרה,,
דיג'יי מור גולדשטיין הבית שלכם למוסיקה,,מוזיקה,https://engaged.co.il/המלצות/מור-גולדשטיין.html,,,052-4888311,,0.0,0,"הנשיא 1, פרדסיה",,
תומר ורד | Tomer Vered freemusic djs,055-4547285,מוזיקה,https://engaged.co.il/המלצות/תומר-ורד-תקליטן.html,,,054-2288433,www.freemusic.org.il,0.0,1500,"הרב עמיאל 17, הרצליה",,
די ג'יי אייל דוד | Dj Eyal David,,מוזיקה,https://engaged.co.il/המלצות/די-גיי-אייל-דוד.html,,,050-5635553,http://wincard.co.il,0.0,0,"ירושלים 120, ראשון לציון",,
קבוצת נועם זלאיט | Noam Zlayet DJ'S,053-7102007,מוזיקה,https://engaged.co.il/המלצות/נועם-זלאיט.html,,,052-7771744,,5.0,6,Ramat Gan,,
Dj Eli Arbiv | Dj Eli Arbiv,,מוזיקה,https://engaged.co.il/המלצות/dj-eli-arbiv.html,,,052-6100-998,,0.0,0,Herzliya Pituach,,
Dj zadok | Zadok after techno,,מוזיקה,https://engaged.co.il/המלצות/dj-zadok.html,,,0526523101,,0.0,0,,,
מאיו מיוזיק - שימי גרין | Mayo Music בקצב של הלב שלכם,055-4547312,מוזיקה,https://engaged.co.il/המלצות/מאיו-מיוזיק.html,,,053-623-1502,,0.0,0,Tel Aviv-Yafo,,
DJ אייל אריאל | Eyal Ariel מוסיקה לחתונות,055-4547319,מוזיקה,https://engaged.co.il/המלצות/different-מוזיקה-בצבע-אחר.html,,,052-2925980,,0.0,2,,,
אביתר צדוק - אירועים | Evyatar Tzadok | זמר כניסה לחופה,,מוזיקה,https://engaged.co.il/המלצות/אביתר-צדוק-אירועים.html,,,+972523801234,,0.0,0,,,
שרון אדרי | Sharon Edri דיג'יי לחתונה,,מוזיקה,https://engaged.co.il/המלצות/שרון-אדרי-דיגיי.html,,,050-593-0900,https://djye.co.il,0.0,0,"דוד סחרוב 22, ראשון לציון",,
אורן קארו | Oren Karo סקסופוניסט,,מוזיקה,https://engaged.co.il/המלצות/אורן-קארו-סקסופוניסט.html,,,,https://www.instagram.com/orenkaro,0.0,0,גבעת אבני,,
אלין ג׳ון | Aline John אלין רגואן,,מוזיקה,https://engaged.co.il/המלצות/aline-john.html,,,,https://www.instagram.com/alline.john,0.0,0,Tel Aviv-Yafo,,
אינפינטי מיוזיק | Infinite-music חוויה שלא נגמרת !,,מוזיקה,https://engaged.co.il/המלצות/אינפינטי-מיוזיק.html,,,052-3360520,,0.0,0,"הרצל 72, באר שבע",,
דיג׳יי רז סיסו | DJ RAZ SISSO חיבור אישי זה הכל,,מוזיקה,https://engaged.co.il/המלצות/raz-sisso.html,,,052-4755445,,0.0,0,Ashdod,,
פנדה | panda music dj'S,,מוזיקה,https://engaged.co.il/המלצות/פנדה.html,,,054-3333358,https://www.pandamusic.co.il,0.0,0,"קניון כפר סבא הירוקה, כפר סבא",,
אקספורט מיוזיק | DJ DANIEL AMAR DJ למגזר הדתי,,מוזיקה,https://engaged.co.il/המלצות/אקספורט-מיוזיק.html,,,052-7140733,,0.0,0,"דרך זאב ז'בוטינסקי 138, רמת גן",,
עודד בן יצחק - סקסופון לאירועים | Oded Saxophone שירותי סקסופון ומוזיקה בסטייל,,מוזיקה,https://engaged.co.il/המלצות/עודד-בן-יצחק-סקסופון-לאירועים.html,,,+972528381279,,0.0,0,"אבן גבירול 122, תל אביב יפו",,
אוראל נעימי | Momento דיג'יי לחתונה,0522575498,מוזיקה,https://engaged.co.il/המלצות/אוראל-נעימי.html,,,054-2060866,https://www.tiktok.com/@orelnaimi,0.0,0,,,
זמר לחופות | Canopy singer זמר חופות לכלל הציבוריים.,,מוזיקה,https://engaged.co.il/המלצות/זמר-לחופות.html,,,054-5445058,,0.0,0,,,
אהוד סבן - מוסיקה לחתונות,,מוזיקה,https://engaged.co.il/המלצות/אהוד-סבן-מוסיקה-לחתונות.html,,,050-9765720,,0.0,0,"העצמאות 20, אור עקיבא",,
תזמורת קשתנים | תזמורת לקבלת פנים וחופה,,מוזיקה,https://engaged.co.il/המלצות/אייל-גזונדהייט.html,,,052-8700080,,0.0,0,איזור ירושלים,,
בני גלב | Genny Glav הפסקול של הסיפור שלכם,,מוזיקה,https://engaged.co.il/המלצות/בני-גלב.html,,,052-5341181,http://www.doubledj.co.il,0.0,0,,,
Inbal Ben dror | Sentimental Sentimental,,מוזיקה,https://engaged.co.il/המלצות/inbal-ben-dror.html,,,052-4570051,,0.0,0,,,
דיג'יי הילס | Hilis תקליטנים לחתונה,,מוזיקה,https://engaged.co.il/המלצות/הילס-חברה-למוסיקה.html,,,050-6677443,,0.0,0,"בן יהודה, רחובות",,
מאסטר דרבוקה | DARBUKA MASTER אירוע ברמה - שואו ברחבה,,מוזיקה,https://engaged.co.il/המלצות/מאסטר-דרבוקה.html,,,052-520-4060,,0.0,0,,,
אליאור לוי | DJs Legendary Music אגדה של מוזיקה,,מוזיקה,https://engaged.co.il/המלצות/אליאור-לוי.html,,,052-5201111,,0.0,0,,,
אור אפטר | Djorapter דיגיי לחתונות,,מוזיקה,https://engaged.co.il/המלצות/אור-אפטר.html,,,0523321521,https://www.instagram.com/dj_orapter/,0.0,0,"שפטל, ראשון לציון, ישראל",,
גולן אלקלעי זמר לאירועים וכניסה לחופה,,מוזיקה,https://engaged.co.il/המלצות/גולן-אלקלעי.html,,,052-4558804,https://www.instagram.com/golan_alkelay1,0.0,0,,,
דיג'יי בנג'י | Benji - OkGoBenji הצליל הנכון,,מוזיקה,https://engaged.co.il/המלצות/דיגיי-בנגי.html,,,054-5472021,,0.0,0,תל אביב יפו,,
אליטה דיג'ייז | ELITA,,מוזיקה,https://engaged.co.il/המלצות/אליטה-דיגייז.html,,,054-4606700,https://elitamusic.co.il,0.0,0,Tel Aviv,,
ארטיסטה | Artista דיג'ייס,,מוזיקה,https://engaged.co.il/המלצות/ארטיסטה.html,,,052-6665068,,0.0,0,"אליעזר מזל 4, ראשון לציון",,
אבירם חיים | Aviram Haim דיג'יי לחתונה,,מוזיקה,https://engaged.co.il/המלצות/אבירם-חיים.html,,,050-689-2722,,0.0,0,Rosh Ha`Ayin,,
די ג׳יי שלומי שרם | Dj shlomi shrem שירותי מוזיקה לאירועים,,מוזיקה,https://engaged.co.il/המלצות/די-ג׳יי-שלומי-שרם.html,,,0544708013,https://linktr.ee/djshlomishrem,0.0,0,Sderot,,
אושרי חן | Dj Oshry דיגיי לחתונה,,מוזיקה,https://engaged.co.il/המלצות/אושרי-חן.html,,,052-6633644,,0.0,0,,,
DJ נריה אנג'ל | nerya angel מוזיקה לרחבה ולנשמה,,מוזיקה,https://engaged.co.il/המלצות/dj-נריה-אנגל.html,,,052-721-2000,,0.0,0,"הרב צירלסון 9, בני ברק",,
סאונד ביט די ג'ייז | Sound beat djs רוקמים איתכם את החלום שלכ,,מוזיקה,https://engaged.co.il/המלצות/סאונד-ביט-די-גייז.html,,,055-881-0620,https://sound-beat-djs.com,0.0,0,Tel Aviv,,
זיו איתן - מרימבה הפקות כלי הקשה - בינלאומי,,מוזיקה,https://engaged.co.il/המלצות/זיו-איתן-מרימבה-הפקות.html,,,"09-7908799, 04-6870003",http://ziveitan.com,0.0,0,"קהילת קייב 20, תל אביב",,
קלמנטין דיג'ייז | Clemantin Dj's חברת מוזיקה לאירועים,,מוזיקה,https://engaged.co.il/המלצות/קלמנטין-דיגייז.html,,,+972 53-930-6763,http://clemantindjs.co.il,0.0,19,"אליעזר מזל 4, ראשון לציון",,
דיג'יי אייל אפשטיין | DJ Eyal E,,מוזיקה,https://engaged.co.il/המלצות/דיגיי-אייל-אפשטיין.html,,,054-4942289,http://djeyal.co.il,5.0,23,גני תקווה,,
די.ג'יי מאור חוגי | dj m.c,,מוזיקה,https://engaged.co.il/המלצות/דיגיי-מאור-חוגי.html,,,052-8414442,,0.0,0,,,
מורנפר | MORENPER שירותי מוזיקה,,מוזיקה,https://engaged.co.il/המלצות/מורנפר.html,,,052-5205574,,0.0,0,"אליהו נחייסי, בת ים",,
די ג׳יי שיר קטרי | Dj Shir katri קול המוסיקה לאירוע שלכם,,מוזיקה,https://engaged.co.il/המלצות/די-ג׳יי-שיר-קטרי.html,,,054-807-8758,https://www.facebook.com/shirkatrimusic,0.0,0,Tel Aviv,,
יואב חסיס | יואב חסיס זמר מרגש לאירועים מיוחדים,,מוזיקה,https://engaged.co.il/המלצות/יואב-חסיס.html,,,058-6677247,www.yoavsing.co.il,0.0,0,,,
די-ג׳יי סמואל עוז | Dj Samuel Oz חתונות עם אופי ❤️,0586578962,מוזיקה,https://engaged.co.il/המלצות/די-ג׳יי-סמואל-עוז.html,,,0586578962,,0.0,0,"עמוס הנביא 12, ראש העין, ישראל",,
גלעד המזוקן | Bearded Gilad מועדים לצמיחה!,,מוזיקה,https://engaged.co.il/המלצות/גלעד-המזוקן.html,,,054-2224321,beardedgilad.com,0.0,0,"הירקון 58, תל אביב יפו (מלון אילת)",,
"דיג׳יי בלבוסטה | Dj BalaBoosta לחתונה מגוונת, צבעונית ובועטת.",,מוזיקה,https://engaged.co.il/המלצות/dj-balaboosta.html,,,,https://djbalaboosta.com,0.0,0,,,
תומר מייזנר | Tomer Maizner דיג'יי לחתונה,,מוזיקה,https://engaged.co.il/המלצות/תומר-מייזנר.html,,,,,0.0,0,,,
אשר אברהם | Asher Avraham חווית מוזיקה בלתי נשכחת,,מוזיקה,https://engaged.co.il/המלצות/אשר-אברהם.html,,,052-7026959,https://www.facebook.com/DJAshera,0.0,0,Tel Aviv,,
טל אייל | Tal Eyal,,מוזיקה,https://engaged.co.il/המלצות/טל-אייל.html,,,054-2551595,,0.0,0,"אליעזר בן יהודה, רחובות",,
עידן הלוי - אילון טון | Eilon Tone Djs מוסיקה איכותית למתחתנים,,מוזיקה,https://engaged.co.il/המלצות/עידן-הלוי-אילון-טון.html,,,054-2060300,,0.0,0,גדרה,,
אֹהד נגן סקסופון | Ohadsaxmusic מוזיקה איכותית ומרגשת🎷,,מוזיקה,https://engaged.co.il/המלצות/אֹהד-נגן-סקסופון.html,,,052-6433235,,0.0,0,,,
ג'וי מיוזיק | Joy Music מוסיקה לאירועים,,מוזיקה,https://engaged.co.il/המלצות/גוי-מיוזיק-גרופ.html,,,03-6202222,,5.0,127,תל אביב יפו,,
ניר דגן | Nir Dagan מוזיקה לחתונות,,מוזיקה,https://engaged.co.il/המלצות/dj-nir-dagan.html,,,054-9490590,https://www.facebook.com/djnirdagan2004,0.0,0,"איריס 4, כפר יונה",,
דיגיי אייקון | Dj ikone מוזיקה לכל אירוע,,מוזיקה,https://engaged.co.il/המלצות/דיגיי-אייקון.html,,,054-2051052,,0.0,0,"שד' ירושלים 25, רמת גן",,
"דיג׳י זן01 | Dj Zen01 Dj מוזיקת עולם,",,מוזיקה,https://engaged.co.il/המלצות/דיג׳י-זן01.html,,,054-4632700,,0.0,0,צפון,,
Dj Almog Cohen | Dj Almog Cohen המוזיקה לאירוע שלך ..,,מוזיקה,https://engaged.co.il/המלצות/dj-almog-cohen.html,,,0502427616,,0.0,0,"Jerusalem, Israel",,
אלעד בורוס | Elad Borus,,מוזיקה,https://engaged.co.il/המלצות/אלעד-בורוס.html,,,050-440-7371,https://www.instagram.com/eladborus,0.0,0,,,
סנפקה | Snepka,,מוזיקה,https://engaged.co.il/המלצות/סנפקה.html,,,+972 50-451,https://www.facebook.com/Snepka,0.0,0,"Tel Aviv, Israel",,
רועי שריקי | Roy Shriki Group גרופ דיג'ייס,,מוזיקה,https://engaged.co.il/המלצות/רועי-שריקי-דיגיי.html,,,052-5777410,,0.0,0,Rishon Le Zion,,
דיג'יי נמרוד סנצ'וק | Dj Nimrod sanchuk שירותי מוסיקה לאירועים,,מוזיקה,https://engaged.co.il/המלצות/דיגיי-נמרוד-סנצוק.html,,,,,0.0,0,,,
נאור בן דוד | Naor Ben David זמר חתונות,,מוזיקה,https://engaged.co.il/המלצות/נאור-בן-דוד.html,,,0502799468,,0.0,0,,,
דיג'יי שגיב סול שי | DJ Sagiv S,055-4547305,מוזיקה,https://engaged.co.il/המלצות/dj-sagiv-s.html,,,,,0.0,0,,,
יוסי מור | Yosi Mor דיג'יי לחתונה,,מוזיקה,https://engaged.co.il/המלצות/דיגיי-יוסי-מור.html,,,0544502428,,0.0,0,Petah Tikva,,
שושנה להקת אירועים | Shoshana Band להקת הקאברים בשבילכם,,מוזיקה,https://engaged.co.il/המלצות/שושנה-להקת-אירועים.html,,,050-260-4466,,0.0,0,,,
dj metro | iguana dj's מוסיקה מיוחדת,,מוזיקה,https://engaged.co.il/המלצות/dj-metro-מוסיקה-והפקות-אירועים.html,,,054-,,0.0,0,"אליעזר מזל 4 קומה 1, ראשון לציון מערב",,
תקליטנית | DJ ADLER דיג'יית שתעיף אתכם,,מוזיקה,https://engaged.co.il/המלצות/תקליטנית.html,,,052-6523136,,0.0,0,,,
דיג׳יי רועי קליין | DJ Roei Klein השמחה שלכם זו ההצלחה שלי,,מוזיקה,https://engaged.co.il/המלצות/דיג׳יי-רועי-קליין.html,,,054-4807681,,0.0,0,,,
רונן מרטון | DJ MARATON DJ,055-4547292,מוזיקה,https://engaged.co.il/המלצות/רונן-מרטון.html,,,050-6436308,,0.0,0,"סוקולוב 5, נס ציונה",,
DJ לירון דוד | Liron David ליריקה,055-4547308,מוזיקה,https://engaged.co.il/המלצות/dj-לירון-דוד.html,,,054-9001720,https://www.facebook.com/liron.l.david,0.0,0,"המסגר 10, נתניה",,
טל רודובסקי - נגן סקסופון והרכבים מוסיקליים | Musicali מוזיקה זה אהבה,,מוזיקה,https://engaged.co.il/המלצות/טל-רודובסקי-נגן-סקסופון-והרכבים-מוסיקליים.html,,,0547649630,,0.0,0,"תל אביב יפו, ישראל",,
מאור נוף | Maor Nof זמר חתונות,052-4044321,מוזיקה,https://engaged.co.il/המלצות/מאור-נוף.html,,,052-4044321,,0.0,0,,,
דניאל גרון | DJ DAN GERON די-ג׳יי דן גרון,,מוזיקה,https://engaged.co.il/המלצות/דניאל-גרון.html,,,052-8787547,,0.0,0,"שרון, מרכז, איזור חיפה, איזור תל אביב",,
אוראל הלל - מוסיקה לאירועים | DJ Orel Hilel,,מוזיקה,https://engaged.co.il/המלצות/אוראל-הלל-מוסיקה-לאירועים.html,,,054-8825404,,0.0,0,"אליעזר מזל 4, קומה 1, ראשון לציון מערב",,
Dj eldad ben | דיג'י אלדד בן דיג'י לחתונות,,מוזיקה,https://engaged.co.il/המלצות/dj-eldad-ben.html,,,0508-611-111,http://www.djeldad.co.il,0.0,0,Beersheba,,
די גי שגיא וי | DJ SAGI V,,מוזיקה,https://engaged.co.il/המלצות/די-גי-שגיא-וי.html,,,052-584-3838,,0.0,0,"אליעזר מזל 4, ראשון לציון",,
יוני רז | Dj Yoni Raz פרטיקה Dj,055-4547284,מוזיקה,https://engaged.co.il/המלצות/יוני-רז-פרטיקה.html,,,054-5478674,,0.0,0,"התעשיה 21, רעננה",,
אסי כסיף | Hippo Dj's מוזיקה לאירועים,055-4547320,מוזיקה,https://engaged.co.il/המלצות/אסי-כסיף.html,,,054-4441407,https://izi.co.il/hippodjs,5.0,88,"מרקוביץ אברהם 3, ראשון לציון",,
דיג׳יי ספיר חזון | Dj Sapir Hazon מרימה בלי לסחוב,,מוזיקה,https://engaged.co.il/המלצות/דיג׳יי-ספיר-חזון.html,,,,https://www.instagram.com/dj.sapirhazon,5.0,,,,
איציק אורלב | Itzik Orlev זמר כניסה לחופה,,מוזיקה,https://engaged.co.il/המלצות/איציק-אורלב.html,,,+972525717799,,0.0,0,,,
להקת הישראלים | haisraelim להקה לחתונה דתית,0508661280,מוזיקה,https://engaged.co.il/המלצות/פוזיטיב-הפקות-עידו-אושרית.html,,,050-8661280,,0.0,0,"מלכי ישראל, ירושלים",,
"דיג'י רמו | DJ REMO מוסיקה,אווירה,יחס חם",,מוזיקה,https://engaged.co.il/המלצות/דיגי-רמו.html,,,052-3067749,,0.0,0,ראש העין,,
די ג׳יי אליאור מור | DJ ELIOR MOR Elior Mor,,מוזיקה,https://engaged.co.il/המלצות/די-ג׳יי-אליאור-מור.html,,,054-6868351,...,0.0,0,...,,
דיג׳יי קיטי | Dj Kitty - קרן אורבך,,מוזיקה,https://engaged.co.il/המלצות/d-kitty-דיגיי-קיטי.html,,,054-6888470,,,,תל אביב יפו,,
מיקי תורג'מן | Dj-Miki.T Dj שירותי מוזיקה לחתונות,,מוזיקה,https://engaged.co.il/המלצות/מיקי-תורגמן.html,,,052-7929322,,0.0,0,חיפה,,
אוראל סיגרון | Orelsigron אוראל סגרון - זמר,,מוזיקה,https://engaged.co.il/המלצות/אוראל-סיגרון.html,,,052-501-7894,,0.0,0,"דב פרידמן 13, זמר",,
אבי סופר | Avi 5offer,,מוזיקה,https://engaged.co.il/המלצות/אבי-סופר.html,,,03-5603000,https://www.avisofer.co.il,0.0,0,"אלנבי 113, תל אביב",,
להקת הבוקרים | Habokrim band מוסיקת קאנטרי לקבלות פנים,,מוזיקה,https://engaged.co.il/המלצות/להקת-הבוקרים.html,,,054-6952475,https://www.instagram.com/habokrim_band/,0.0,0,,,
להקת רוח אחרת להקה ברמה שלא הכרתם,,מוזיקה,https://engaged.co.il/המלצות/להקת-רוח-אחרת.html,,,058-642-4334,,0.0,0,,,
אור בן ברוך נגן פאנטם | Or Ben Baruch Pantam Hang Drum Player קבלת פנים לצלילי פאנטם,,מוזיקה,https://engaged.co.il/המלצות/אור-בן-ברוך-נגן-פאנטם.html,,,054-6962323,https://www.instagram.com/or.ben.baruch/,0.0,0,איזור ירושלים,,
D.j. בר כהן | D.j. bar cohen D.j. ותקליטן לאירועים,,מוזיקה,https://engaged.co.il/המלצות/dj-בר-כהן.html,,,054-656-6548,,0.0,0,,,
חנן מיקס | HaNaN MiX חתונות אירועים ומסיבות,,מוזיקה,https://engaged.co.il/המלצות/חנן-מיקס.html,,,052-6560979,,0.0,0,"הדקל 101, תל מונד",,
אלף לילה ולילה | Elef Layla & Layla חינה קסומה מהאגדות,,לחתן ולכלה,https://engaged.co.il/המלצות/אלף-לילה-ולילה.html,,,055-8831175,,0.0,0,בית אריה,,
אליה שמלות כלה | Aliah Bridal שמלות כלה,,לחתן ולכלה,https://engaged.co.il/המלצות/אליה-ברידל.html,,,055-959-4955,https://aliahbridal.com/,0.0,0,"אלטלף אברהם 9, יהוד",,
וילה בשי | Villa Bashi-Boho house for pre-wedding moments וילה להתארגנות ולינה,,לחתן ולכלה,https://engaged.co.il/המלצות/וילה-בשי.html,,,,,0.0,0,בשומרון,,
אליאור | ALIOR bridal dresses שמלות כלה וערב,,לחתן ולכלה,https://engaged.co.il/המלצות/alior-bridal-dresses.html,,,050-4000289,,0.0,0,יהוד,,
נינה בריידס | NINA BRIDE'S,,לחתן ולכלה,https://engaged.co.il/המלצות/נינה-בריידס.html,,,0542662287,,0.0,0,מרכז,,
‫אריאלה כסלו‬‎ | Ariela Kislev שמלות כלה וערב,,לחתן ולכלה,https://engaged.co.il/המלצות/‫אריאלה‬‎.html,,,052-2498241,,0.0,0,"נחל שיקמה 2, מודיעין מכבים רעות, ישראל",,
הפינגווין -אמבטיות קרח | Penguin ice baths סדנת אמבטיית קרח,,לחתן ולכלה,https://engaged.co.il/המלצות/הפינגווין-אמבטיות-קרח.html,,,054-6663346,,0.0,0,,,
עינב לוי מאפרת ומסרקת מאפרת ומעצבת שיער,,לחתן ולכלה,https://engaged.co.il/המלצות/עינב-לוי-מאפרת-ומסרקת.html,,,052-7474048,https://www.instagram.com/einav.levi_hair_makeup/,0.0,0,"תנופה, חריש",,
נינל | Ninel שמלות כלה,,לחתן ולכלה,https://engaged.co.il/המלצות/נינל.html,,,058-4588788,http://ninelbridal.com,0.0,11,"שלמה מיכואלס, ראשון לציון",,
אושר מעצבת שיער כלות | Osher Hairsalon מעצבת שיער מקצועית,,לחתן ולכלה,https://engaged.co.il/המלצות/אושר-מעצבת-שיער-כלות.html,,,054-3234713,,0.0,0,,,
Sandra Tal makeup | Sandra Tal makeup,,לחתן ולכלה,https://engaged.co.il/המלצות/sandra-tal-makeup.html,,,052-4410260,,0.0,0,שפלה,,
קרן כהן איפור שיער | Keren cohen makeup מדגישה את היופי שלך,,לחתן ולכלה,https://engaged.co.il/המלצות/קרן-כהן-איפור-שיער.html,,,052-5205566,,0.0,0,"Shazar Street 43, Tel Aviv",,
עדן הפקות חינה | Eden_hinot הפקות חינה יוקרתיות,,לחתן ולכלה,https://engaged.co.il/המלצות/עדן-הפקות-חינה.html,,,053-5303058,,0.0,1,Haifa,,
הודיה טובה מידני | Hodaya meidany מאפרת ומסרקת כלות,,לחתן ולכלה,https://engaged.co.il/המלצות/הודיה-טובה-מידני.html,,,,https://www.instagram.com/hodaya_meidany,0.0,0,,,
נטלי סיסאורי | Natali Sisauri שמלות כלה,,לחתן ולכלה,https://engaged.co.il/המלצות/נטלי-סיסאורי.html,,,08-8641234,,0.0,0,"Ashdod, Israel",,
אופנת סגל - סניף נתניה | Segal fashion - Netanya branch,,לחתן ולכלה,https://engaged.co.il/המלצות/אופנת-סגל-סניף-נתניה.html,,,09-7689505,,0.0,0,"רח' גיבורי ישראל 5, מתחם ביג פולג, נתניה",,
הדופלקס שלך בגבעתיים | Your Givatayim's Duplex דירת גג מהממת בגבעתיים,,לחתן ולכלה,https://engaged.co.il/המלצות/הדופלקס-שלך-בגבעתיים.html,,,0544438549,https://www.instagram.com/duplexingiv,0.0,0,גבעתיים,,
לאורה מעצבת תסרוקות | Lior Laura hair style,,לחתן ולכלה,https://engaged.co.il/המלצות/לאורה-מעצבת-תסרוקות.html,,,053-4310410,,0.0,0,יבנה,,
רותם | ROTEM עיצוב שמלות כלה וערב,,לחתן ולכלה,https://engaged.co.il/המלצות/רותם.html,,,050-8895518,,0.0,0,תל-אביב,,
דניאלה אלקלעי מאפרת ומעצבת שיער,,לחתן ולכלה,https://engaged.co.il/המלצות/דניאלה-אלקלעי.html,,,050-8989032,https://www.instagram.com/daniella_brides,5.0,1,קדימה,,
פלינה | Felina place by shuli סוויטות אירוח והתארגנות כלה,,לחתן ולכלה,https://engaged.co.il/המלצות/shuli-halfi.html,,,050-3303058,http://felina.co.il,0.0,0,"הרקפת 69, גני יוחנן",,
koranga קידום אתרים,,לחתן ולכלה,https://engaged.co.il/המלצות/roy-yalon.html,,,,http://koranga.co.il,5.0,1,"המלאכה 4, נתניה",,
ג׳יזל סטודיו שמלות כלה וערה | Jiselle Studio שמלות כלה וערב בעיצוב אישי,,לחתן ולכלה,https://engaged.co.il/המלצות/ג׳יזל-סטודיו-שמלות-כלה-וערה.html,,,053-740-1344,,0.0,0,Bat Yam,,
הודיה אהרוני | Hodaya Aharoni איפור ושיער לכלות,,לחתן ולכלה,https://engaged.co.il/המלצות/הודיה-אהרוני.html,,,0542135667,,0.0,0,פתח תקווה,,
נטע מאירוביץ איפור כלות וערב,,לחתן ולכלה,https://engaged.co.il/המלצות/נטע-מאירוביץ-איפור-כלות-וערב.html,,,,,0.0,0,,,
עודד נריאל איפור ועיצוב שיער כלות | Oded Neriel Makeup & Hair,,לחתן ולכלה,https://engaged.co.il/המלצות/עודד-נריאל-איפור-ועיצוב-שיער-כלות.html,,,052-3213566,,0.0,0,שרון,,
לנה זינמן | Lena Zinman איפור כלות,,לחתן ולכלה,https://engaged.co.il/המלצות/לנה-זינמן-איפור.html,,,054-954-8030,https://www.facebook.com/zinman.lena,0.0,0,"Achi Eilat st 44, Haifa",,
הבית של יפעת | Yifat's House,,לחתן ולכלה,https://engaged.co.il/המלצות/הבית-של-יפעת.html,,,055-2116965,https://www.instagram.com/yifats_house,0.0,0,"המסילה, הרצליה, ישראל",,
נוי ארביב מאפרת כלות | noy arbiv נוי ארביב מאפרת כלות,,לחתן ולכלה,https://engaged.co.il/המלצות/נוי-ארביב-מאפרת-כלות.html,,,,https://instagram.com/noy.arbiv_makeup,0.0,0,,,
שרון גרייפנר | Sharon Greifner מאפרת כלות וערב,,לחתן ולכלה,https://engaged.co.il/המלצות/sharon-greifner.html,,,054-6815522,,0.0,0,איזור תל אביב,,
"נטלי מרזייב מסרקת כלות | Natali merzayev brides&braids תסרוקות כלה, ערב וצמות",,לחתן ולכלה,https://engaged.co.il/המלצות/נטלי-מרזייב-מסרקת-כלות.html,,,054-2051288,https://www.instagram.com/natali.merzayev,0.0,0,"שפלה, מרכז",,
אורטל שמר | Ortal Shemer שמלות כלה,,לחתן ולכלה,https://engaged.co.il/המלצות/אורטל-שמר.html,,,050-7393333,https://gelocal.co.il/om-bride/,0.0,0,"בתיה מקוב 20, רחובות",,
דביר טוויק | Dvir Tvik עיצוב שיער,,לחתן ולכלה,https://engaged.co.il/המלצות/דביר-טוויק.html,,,,,0.0,0,מלון לאונרדו פלאזה,,
ענת גוטליב | anat gottlieb עיצוב שיער בסגנון טבעי,,לחתן ולכלה,https://engaged.co.il/המלצות/anat-gotlieb.html,,,0506998344,https://www.instagram.com/hair_by_anat,0.0,0,,,
אורלי בנישו | Orli Benishu מאפרת מקצועית,,לחתן ולכלה,https://engaged.co.il/המלצות/אורלי-בנישו.html,,,054-7546519,,0.0,0,אשדוד,,
אשרת איילי | oshrat ayeli עיצוב שיער לכלות,,לחתן ולכלה,https://engaged.co.il/המלצות/אשרת-איילי.html,,,050-598-8556,,0.0,0,"אשקלון, Israel",,
חושן קשאני מאפרת | HOSHEN KASHANI מאפרת כלות וערב,,לחתן ולכלה,https://engaged.co.il/המלצות/חושן-קשאני-מאפרת-כלות.html,,,054-3987041,,0.0,0,,,
הודיה פרגיאן | hodaya makeup מאפרת כלות וערב,,לחתן ולכלה,https://engaged.co.il/המלצות/הודיה-פרגיאן.html,,,+972 54-804-5007,https://www.instagram.com/hodaya.makeup.hair,0.0,0,,,
חזי כהן | Hezi Cohen עיצוב שיער,,לחתן ולכלה,https://engaged.co.il/המלצות/חזי-כהן.html,,,,,0.0,0,"אליעזר מזל 4 קומה 1 ראשל""צ מערב",,
וילה 26 והכלה | 26 and the bride וילה להתארגנות כלה על הים,,לחתן ולכלה,https://engaged.co.il/המלצות/וילה-26-והכלה.html,,,"052-4243365, 050-7257765",,0.0,0,"יפו, תל אביב",,
הסלון של גלית התארגנות כלות ברחובות,,לחתן ולכלה,https://engaged.co.il/המלצות/הסלון-של-גלית.html,,,,https://www.instagram.com/hasalon_galit/,0.0,0,רחובות,,
ימית מלכה | Yamit Malka איפור כלות,,לחתן ולכלה,https://engaged.co.il/המלצות/ימית-מלכה-איפור.html,,,050-6557370,,0.0,0,,,
אילנית מזרחי שמלות כלה,,לחתן ולכלה,https://engaged.co.il/המלצות/אילנית-מזרחי.html,,,053-934-5137,,0.0,0,"מרטין בובר 42, ראשון לציון",,
רועי שרון | Roi Sharon פיקס לחתונה,,לחתן ולכלה,https://engaged.co.il/המלצות/רועי-שרון.html,,,0523112716,,0.0,0,Jerusalem,,
גילת טביב | Gilat Taviv מאפרת מקצועית,055-4547268,לחתן ולכלה,https://engaged.co.il/המלצות/גילת-טביב-איפור-מקצועי.html,,,054-5417141,,0.0,0,יד חנה,,
ליאוני שמלות כלה | Leonie Bridal,,לחתן ולכלה,https://engaged.co.il/המלצות/ליאוני-שמלות-כלה.html,,,,,8.5,0,"רענן 22, תל אביב יפו",,
לנה משה | Artle איפור לכל אירוע,,לחתן ולכלה,https://engaged.co.il/המלצות/לנה-משה.html,,,0527570822,,0.0,0,בת ים,,
שחר בן שושן | Shahar Ben Shushan מאפרת מקצועית,,לחתן ולכלה,https://engaged.co.il/המלצות/שחר-בן-שושן.html,,,050.255.2125,,0.0,0,,,
שירה ממן | Shira Maman מאפרת ומעצבת שיער,,לחתן ולכלה,https://engaged.co.il/המלצות/שירה-ממן.html,,,,,0.0,0,יהוד-מונוסון,,
מאפרת | Makeup artist מעיין אהרון- מאפרת כלות,,לחתן ולכלה,https://engaged.co.il/המלצות/מאפרת.html,,,,https://www.instagram.com/maayan.makeupp/,0.0,0,פתח תקווה,,
טוהר ביוטי מעצבת שיער לכלות וערב,,לחתן ולכלה,https://engaged.co.il/המלצות/טוהר-ביוטי.html,,,0584525268,https://www.instagram.com/tohar.makeup.hair,0.0,0,,,
שרית | Sarit Moshe איפור ושיער לכלות,,לחתן ולכלה,https://engaged.co.il/המלצות/שרית-משה-מאפרת.html,,,050-8744674,http://sarit-moshe.coi.co.il/,0.0,0,חולון,,
מימי איפור ושיער | Mimi makeup and hair artist הופכת כל כלה לכוכבת,,לחתן ולכלה,https://engaged.co.il/המלצות/מימי-איפור-ושיער.html,,,0547017727,https://www.instagram.com/lakewmimi,0.0,0,Rehovot,,
גריי סטאר | GRAY STAR ! OUR PLANET YOUR STAGE,,לחתן ולכלה,https://engaged.co.il/המלצות/גריי-סטאר.html,,,052-5111445,,0.0,0,"אלטלף 3, יהוד מונוסון",,
רחלי דהן איבגי איפור כלות,,לחתן ולכלה,https://engaged.co.il/המלצות/רחלי-דהן-מאפרת.html,,,,,0.0,0,שירות עד הבית,,
תהל סויסה | Tahel swissa איפור ותסרוקת לכלה וערב,,לחתן ולכלה,https://engaged.co.il/המלצות/תהל-סויסה.html,,,052-6472501,https://www.instagram.com/tahelswissa,0.0,0,יבנה,,
לירז ביוטי,,לחתן ולכלה,https://engaged.co.il/המלצות/לירז-ביוטי.html,,,054-7667778,,0.0,0,"אחוזה 1, רעננה",,
תסרוקתן יאיר אריש | Tisroktan תסרוקתן מסרק מעצב שיער,,לחתן ולכלה,https://engaged.co.il/המלצות/תסרוקתן-יאיר-אריש.html,,,050-7982424,,0.0,0,"שדרות ירושלים 4, תל אביב יפו",,
טרזה זלטוקרילץ | Tereza zlatokrilz מאפרת ומעצבת שיער לכלות,,לחתן ולכלה,https://engaged.co.il/המלצות/טרזה-זלטוקרילץ.html,,,0502912211,https://www.instagram.com/tereza.makeupartist,0.0,0,,,
חנה פרנקו | Anna Franco שמלות כלה,,לחתן ולכלה,https://engaged.co.il/המלצות/חנה-פרנקו.html,,,052-2802406,,0.0,0,"גולומב 33, כפר סבא",,
עידו רפאל | Ido Raphael איפור ושיער לכלה,,לחתן ולכלה,https://engaged.co.il/המלצות/עידו-רפאל-איפור-כלות.html,,,052-503-2525,https://www.instagram.com/idoraphaelmakeup,0.0,0,תל אביב-יפו,,
סטודיו שף | Studio Chef,,לחתן ולכלה,https://engaged.co.il/המלצות/סטודיו-שף.html,,,0555024719,,0.0,0,"דרך בן צבי 84, תל אביב יפו",,
ליאת אשכנזי איפור ועיצוב שיער כלות/ער,,לחתן ולכלה,https://engaged.co.il/המלצות/ליאת-אשכנזי-איפור-ושיער.html,,,050-8814180,https://www.facebook.com/ly.t.sknzy.ypwr.wsy.r,0.0,0,לוד,,
דניאל אלבז | Daniel Elbaz סטודיו לשמלות כלה,,לחתן ולכלה,https://engaged.co.il/המלצות/דניאל-אלבז.html,,,054-7202990,daniel-elbaz.com,0.0,0,"גלגלי הפלדה 14, הרצליה",,
סוויטות אירוח עין מטע המקום המושלם בשבילכם,,לחתן ולכלה,https://engaged.co.il/המלצות/סוויטות-אירוח-עין-מטע.html,,,050-5742696,,0.0,0,"כליל החורש 44, מושב מטע",,
נטלי יפת מאפרת כלות וערב | Natali yefet makeup מאפרת כלות וערב,,לחתן ולכלה,https://engaged.co.il/המלצות/נטלי-יפת-מאפרת-כלות-וערב.html,,,0502555353,https://www.instagram.com/nataliyefet_muk,0.0,0,,,
רוני זוהר בן חיים,,לחתן ולכלה,https://engaged.co.il/המלצות/רוני-זוהר-בן-חיים.html,,,,,0.0,0,,,
ניקה | Nika שמלות כלה,,לחתן ולכלה,https://engaged.co.il/המלצות/nika-rehani.html,,,054-816-6808,,0.0,0,"אליעזר מזל 4, קומה 1, ראשון לציון",,
אלכסה בריידל | Alexa Bridal שמלות כלה במחירים שפויים,,לחתן ולכלה,https://engaged.co.il/המלצות/אלכסה-בריידל.html,,,054-4806554,,0.0,0,"העצמאות 85, בנימינה",,
שירן משה | Shiran Moshe,,לחתן ולכלה,https://engaged.co.il/המלצות/שירן-משה.html,,,054-5992102,shiranmoshe.com,0.0,0,"עמק 6, Be'er Ya'akov, Israel, 725111",,
"נופר גונן, עורכת דין | נופר גונן נופר גונן",,לחתן ולכלה,https://engaged.co.il/המלצות/nofar-gonen.html,,,050-5222264,,0.0,0,"בלוך 12, גבעתיים",,
רינה זילברשטיין | Rena Silverstein לטפל ביופי שלך כמו מלכה,,לחתן ולכלה,https://engaged.co.il/המלצות/רינה-זילברשטיין.html,,,054-431-9910,,0.0,0,Kiryat Gat,,
ברייד בכפר | Bride Bacfar מקום התארגנות בקלאס לכלה,,לחתן ולכלה,https://engaged.co.il/המלצות/ברייד-בכפר.html,,,0545466117,,0.0,0,מושב שפיר,,
מיה ספוסה | Mia sposa שמלות כלה עד 4500 שח,,לחתן ולכלה,https://engaged.co.il/המלצות/מיה-ספוסה.html,,,053-8552117,,0.0,0,אשדוד,,
דיקלה זינו נביאי איפור וסירוק כלות | Dikla zino Makeup מאפרת מסרקת כלות בקו טבעי,,לחתן ולכלה,https://engaged.co.il/המלצות/דיקלה-זינו-נביאי-איפור-וסירוק-כלות.html,,,050-8359406,https://www.instagram.com/diklazinomakeup/,0.0,0,"סשה ארגוב 40, רעננה",,
גרם 22 | gerem 22 התארגנות כלה ביפו,,לחתן ולכלה,https://engaged.co.il/המלצות/גרם-22.html,,,+972 52-670-0091,,0.0,0,"יפת 22, יפו",,
תמר עטיה | Tamar Atia איפור ושיער לכלה,055-4350112,לחתן ולכלה,https://engaged.co.il/המלצות/תמר-עטייה.html,,,,,0.0,0,,,
הבית לכלה בית מושלם להתארגנות לכלה,,לחתן ולכלה,https://engaged.co.il/המלצות/הבית-לכלה.html,,,,,0.0,0,,,
אושר - עיצוב שיער | Osher hair salon אושר מעצבת שיער כלות,,לחתן ולכלה,https://engaged.co.il/המלצות/אושר-עיצוב-שיער.html,,,050-5336578,,0.0,0,"קהילת פאדובה, תל אביב יפו",,
ליז מרטינז | Liz Martinez שמלות כלה,,לחתן ולכלה,https://engaged.co.il/המלצות/ליז-מרטינז.html,,,08-6744435,,4.8,15,"שד' הרצל 122, רמלה 7243018",,
מרקו סיטי מותגים | MARKO CITY חליפות בוטיק לאירוע בשיק,,לחתן ולכלה,https://engaged.co.il/המלצות/מרקו-סיטי-מותגים.html,,,03-6513852,,0.0,0,"אצ""ל 11, תל אביב יפו",,
לי אליס | Lee Alice ezer מאפרת ומעצבת שיער לכלות,,לחתן ולכלה,https://engaged.co.il/המלצות/לי-אליס.html,,,052-8584779,https://www.facebook.com/leealiceezer,0.0,0,מגיעה לכל חלקי הארץ,,
מורנה סטודיו | Morena studio makeup and hair Morena studio,,לחתן ולכלה,https://engaged.co.il/המלצות/מורנה-סטודיו.html,,,052-9128542,https://www.facebook.com/studiomorena,0.0,2,"העצמאות 1, טבריה",,
ענבל אלבר מאפרת כלות | ענבל אלבר ענבל אלבר מאפרת כלות וערב,,לחתן ולכלה,https://engaged.co.il/המלצות/ענבל-אלבר-מאפרת-כלות.html,,,052-691-8595,,0.0,0,ראשון לציון,,
שיר רדין מאפרת ומסרקת | Shir Radin Hair And Makeup Bridel,,לחתן ולכלה,https://engaged.co.il/המלצות/שיר-רדין-מאפרת-ומסרקת.html,,,054-7445627,https://www.urbanbridesmag.co.il,0.0,0,"בן יהודה 68, הרצליה",,
קרן קוזמין | Keren Kuzmin איפור ועיצוב שיער,,לחתן ולכלה,https://engaged.co.il/המלצות/קרן-קוזמין.html,,,050-2522505,https://www.instagram.com/keren_makeup.hair/,0.0,0,חולון,,
נופר קפורי | nofar kapur מאפרת ומעצבת שיער לכלות,,לחתן ולכלה,https://engaged.co.il/המלצות/נופר-קפורי.html,,,054-6477885,,0.0,0,"הציונות 99, אשדוד",,
ליאור טפיארו איפור | Lior Tapiero makeup&hair מתמחה בסגנון עדין ונקי,,לחתן ולכלה,https://engaged.co.il/המלצות/ליאור-טפיארו-איפור.html,,,052-6582233,https://www.instagram.com/liortapiero_makeup_hair,0.0,0,,,
פרו לייף | PRO LIFE לחיות בשיא,,לחתן ולכלה,https://engaged.co.il/המלצות/פרו-לייף.html,,,077-3508500,,0.0,0,"מרכז פרולייף הרצליה קניון לב העיר רח' בן גוריון 2, הרצליה",,
אושר פחימה | Osher pahima Osher pahima makeupartist,,לחתן ולכלה,https://engaged.co.il/המלצות/אושר-פחימה.html,,,0549452280,https://instagram.com/osherpahima_makeup,0.0,0,"בעלי המלאכה, נתיבות",,
אירית בוטיק | iritboutique בוטיק לכלה במחיר הוגן,,לחתן ולכלה,https://engaged.co.il/המלצות/אירית-בוטיק.html,,,,,0.0,0,מרכז בארץ,,
שלומית אזרד | Shlomit Azrad שמלות כלה,,לחתן ולכלה,https://engaged.co.il/המלצות/שלומית-אזרד.html,,,08-9153793,,0.0,0,"היצירה 21, רמלה, ישראל קומה 1",,
נטע יעקבי - איפור ושיער | Neta Yakobi -Makeup and Hair איפור ושיער לכלות,,לחתן ולכלה,https://engaged.co.il/המלצות/נטע-יעקבי-איפור-ושיער.html,,,054-624-4113,https://www.netayakobi.com/,5.0,42,"הירקון 14, תל אביב-יפו",,
ענת רוזן | Anat Rozen מאפרת ומסרקת כלות וערב,,לחתן ולכלה,https://engaged.co.il/המלצות/ענת-רוזן.html,,,050-2395008,https://anatrozen.com,0.0,0,Karmi'el,,
לינוי לוסקי | Linoy luski makeup&Hair מאפרת ומעצבת שיער לכלות,,לחתן ולכלה,https://engaged.co.il/המלצות/לינוי-לוסקי.html,,,052-4753555,,0.0,0,Petah Tiqwa,,
רחלי אוזן | Racheli Uzan מאפרת,,לחתן ולכלה,https://engaged.co.il/המלצות/רחלי-אוזן.html,,,050-7670044,https://www.instagram.com/racheluzan,0.0,0,אשדוד,,
אסתי קוזלובסקי- מאפרת | Makeupp by Esti איפור כלות,,לחתן ולכלה,https://engaged.co.il/המלצות/אסתי-קוזלובסקי-מאפרת.html,,,054-6330058,,0.0,0,Afula,,
שרון וקנין | Sharon Vaknin איפור כלות וערב,,לחתן ולכלה,https://engaged.co.il/המלצות/שרון-מאפרת-כלות-וערב.html,,,0526203509,,0.0,0,,,
הלל פליישמן | Hallel Flayshman איפור ועיצוב שיער,,לחתן ולכלה,https://engaged.co.il/המלצות/הלל-פליישמן-מאפרת.html,,,054-9410116,,0.0,0,,,
איה קלי צבעי הנשמה | איה קלי פיסול פנים בצבע,,לחתן ולכלה,https://engaged.co.il/המלצות/איה-קלי-צבעי-הנשמה.html,,,054-5204247,,0.0,0,"הפלמ""ח 5, חולון",,
ספיר טאוב | Sapir Taub איפור ועיצוב שיער לכלות,0554309866,לחתן ולכלה,https://engaged.co.il/המלצות/ספיר-טאוב.html,,,,https://www.instagram.com/sapirtaub,0.0,0,Tel Aviv,,
הדר זעפרני | Hadar zhafrani מעצבת שמלות כלה וערב,,לחתן ולכלה,https://engaged.co.il/המלצות/הדר-זעפרני.html,,,0534220002,https://www.instagram.com/by_hadar_zhafrani,0.0,0,גדרה,,
השכרת תלבושות לחינה חינות השרון,055-4547290,לחתן ולכלה,https://engaged.co.il/המלצות/השכרת-תלבושות-לחינה.html,,,052-216-6100,,0.0,0,Netanya,,
סול לביא | Sol Lavi מאפרת כלות ומלוות,,לחתן ולכלה,https://engaged.co.il/המלצות/sol-lavi.html,,,054-7982420,,0.0,0,כפר סבא,,
סטודיו לינוי אבוטבול | Studio Linoy Abutbul סטודיו לינוי אבוטבול,,לחתן ולכלה,https://engaged.co.il/המלצות/סטודיו-לינוי-אבוטבול.html,,,054-2060011,,0.0,0,ראשון לציון,,
אלכסנדרה מילאנו | Alexandra Melano מאפרת מקצועית,,לחתן ולכלה,https://engaged.co.il/המלצות/אלכסנדרה.html,,,,,0.0,0,Petah Tikva,,
ליאל יוסף | Liel Yosef שמלות כלה וערב,,לחתן ולכלה,https://engaged.co.il/המלצות/ליאל-יוסף-שמלות-כלה-וערב.html,,,"052-8761779, 03-5607056",,0.0,0,פתח תקווה,,
ניקול קישולקו מאפרת | Nikol K makeup מאפרת ומעצבת שיער,,לחתן ולכלה,https://engaged.co.il/המלצות/ניקול-קישולקו-מאפרת.html,,,050-2431688,,0.0,0,אשדוד,,
סוויטת חתן וכלה | VIP Suite דירת חלומות לחתן ולכלה,,לחתן ולכלה,https://engaged.co.il/המלצות/סוויטת-חתן-וכלה.html,,,052-7161777,https://www.instagram.com/suite_tlv,0.0,0,Tel Aviv,,
ליאנה נחמיאס | LIANA NAHMIAS איפור ועיצוב שיער לכלה,,לחתן ולכלה,https://engaged.co.il/המלצות/ליאנה-נחמיאס.html,,,050-5885838,,0.0,0,"משה שרת, רמת גן",,
אורטל חג'אג' | ortal hajaj הפרשת חלה מרגשת לכלות,055-4547318,לחתן ולכלה,https://engaged.co.il/המלצות/אורטל-חגאג-הפרשת-חלה.html,,,052-5114511,https://wa.me/message/F3EF3DWUTKTJH1,0.0,0,,,
"סאלינה חליפות חתן | salina import&marketing for man חליפות חתן,חליפות מעוצבות",,לחתן ולכלה,https://engaged.co.il/המלצות/סאלינה-חליפות-חתן.html,,,03-6120245,https://salina-fashion.com,0.0,0,"דרך בן גוריון 26, רמת גן",,
אל-חלל המרחב לכלה וחתן,,לחתן ולכלה,https://engaged.co.il/המלצות/אל-חלל.html,,,,,0.0,0,,,
אדווה אלמקיאס | Adva Elmakias איפור כלות,,לחתן ולכלה,https://engaged.co.il/המלצות/אדווה-אלמקייס-המלצות.html,,,050-9666846,,0.0,0,"אליעזר מזל 4 קומה 1 ראשל""צ מערב",,
מיטל גמליאל | Meital gamliel מעצבת שמלות כלה,,לחתן ולכלה,https://engaged.co.il/המלצות/מיטל-גמליאל.html,,,052-8474006,,0.0,0,,,
ג'יי ואי אל פאשן | J.Y.L fashion,,לחתן ולכלה,https://engaged.co.il/המלצות/גיי-ואי-אל-פאשן.html,,,050-888-4055,,0.0,0,"בית אשל 13, תל אביב-יפו",,
ספיר שטרית | Sapir Shitrit Makeup מאפרת כלות וערב,,לחתן ולכלה,https://engaged.co.il/המלצות/ספיר-שטרית.html,,,052-5682833,https://www.instagram.com/sapirshitrit_makeup,0.0,0,,,
מירב זגורי | Meirav Zaguri איפור כלות וערב,,לחתן ולכלה,https://engaged.co.il/המלצות/מירב-זגורי-איפור-כלות.html,,,053-8067704,,0.0,4,"רמב""ם 21, חדרה",,
בלו וויק | Blue Wake מועדון ספורט ימי,050-9542555,לחתן ולכלה,https://engaged.co.il/המלצות/blue-wake.html,,,050-9542555,http://www.bluewake.co.il,0.0,0,"כפר נופש חוף נירוונה, מגדל",,
גולדיקה מאפרת ומסרקת כלות וערב,,לחתן ולכלה,https://engaged.co.il/המלצות/גולדיקה.html,,,,https://www.instagram.com/goldika.makeup,0.0,0,,,
שריתה סולטנה | sarita sultana שריתה סולטנה הפקת אירועי,,לחתן ולכלה,https://engaged.co.il/המלצות/שריתה-סולטנה.html,,,0506864685,http://sarita-s.co.il,0.0,0,"אהרון מסקין 18, פתח תקווה",,
פזית חורש סאיג | Pazit Horesh Saig מאפרת מקצועית,,לחתן ולכלה,https://engaged.co.il/המלצות/פזית-חורש.html,,,,,0.0,27,"זהרה אלפסיה 8, ראש העין",,
רבקה רחמים איפור ושיער | רבקה רחמים איפור ועיצוב שיער לכלות,,לחתן ולכלה,https://engaged.co.il/המלצות/רבקה-רחמים-איפור-ושיער.html,,,0526798488,https://rivka-rahamim.co.il,0.0,0,צפת,,
נופר אשרף | nofar ashraf מעצבת שמלות כלה וערב,,לחתן ולכלה,https://engaged.co.il/המלצות/נופר-אשרף.html,,,050-8760682,,0.0,0,"סחרוב 22, ראשון לציון",,
ליאל מלמד | Liel Melamed מאפרת ומסרקת כלות,,לחתן ולכלה,https://engaged.co.il/המלצות/ליאל-מלמד.html,,,053-4317118,https://www.instagram.com/lielmelamed.mua,0.0,0,"Bat-Yam, Israel",,
ספיר מסיקה | Sapir mesika המאפרת המזמרת,,לחתן ולכלה,https://engaged.co.il/המלצות/ספיר-מסיקה.html,,,050-4959261,https://www.instagram.com/sapirmesikamakeup/,5.0,9,"תפוז 7, אשדוד",,
ליאורה מעצבת שיער לכלות,,לחתן ולכלה,https://engaged.co.il/המלצות/ליאורה.html,,,,,0.0,0,קרית אונו,,
ספיר לוי מאפרת ומסרקת | Sapir levy makeup& hair איפור ועיצוב שיער לכלות,,לחתן ולכלה,https://engaged.co.il/המלצות/ספיר-לוי-מאפרת-ומסרקת.html,,,052-6955306,,0.0,0,אשדוד,,
שי מור | Shay More עיצוב שמלות כלה וערב,,לחתן ולכלה,https://engaged.co.il/המלצות/שי-מור-שמלות-כלה.html,,,052-5076160,,0.0,0,"הבטחון 5, קריית אונו",,
פרנקו בן | Franco Bane נעלי גברים,,לחתן ולכלה,https://engaged.co.il/המלצות/פרנקו-בן-נעלי-גברים.html,,,054-2022032,,0.0,0,"פאול צלאן 3, בניין פנורמה, קומה א' אולם 122, דרך בן צבי 84, תל אביב",,
עדי מימון | Adi Maymon - It's all about you טיפול פנים מומלץ לכלה,,לחתן ולכלה,https://engaged.co.il/המלצות/עדי-מימון.html,,,052-7222428,https://adimaymon.co.il,0.0,0,"הבה״דים 4, ראשון לציון",,
בני נאשי | Benny Nashi איפור ושיער לכלה,055-4350702,לחתן ולכלה,https://engaged.co.il/המלצות/בני-נאשי.html,,,050-3628601,https://www.instagram.com/benninashi_/,0.0,0,"יהודה לייב פינסקר 9, ראשון לציון",,
אוראל ארביב | Orel hair design אוראל מעצבת שיער לכלות,,לחתן ולכלה,https://engaged.co.il/המלצות/אוראל-ארביב.html,,,054-2255976,,0.0,0,בת ים,,
ליאור קריאף | Lior Kriaf שמלות כלה וערב,,לחתן ולכלה,https://engaged.co.il/המלצות/ליאור-קריאף.html,,,050-2245907,https://www.instagram.com/liorkriaf.bridal/,0.0,0,"צה״ל 2, רמלה",,
ויסטה בוסתן הגליל | Vista Bustan צימר התארגנות ואירועים,,לחתן ולכלה,https://engaged.co.il/המלצות/ויסטה-בוסתן-הגליל.html,,,052-5953044,,0.0,0,"בוסתן הגליל, מחוז הצפון, ישראל",,
אלמוג ביץ' | ALMOG BEACH אלמוג ביץ' דירות נופש חיפה,,לחתן ולכלה,https://engaged.co.il/המלצות/ella-basenko.html,,,054-6557004,,0.0,0,"דוד אלעזר 10, חיפה",,
הילה גנון | Hila ganon makeup מאפרת ומסרקת כלות וערב,,לחתן ולכלה,https://engaged.co.il/המלצות/הילה-גנון.html,,,0542882724,,0.0,0,נהריה,,
גאיה | Gaya איפור שרואים דרכו אותך,,לחתן ולכלה,https://engaged.co.il/המלצות/גאיה-3.html,,,09-7725161,,0.0,0,מושב אודים,,
ליהי לוסקי | hair designer מסרקת כלות,,לחתן ולכלה,https://engaged.co.il/המלצות/ליהי-לוסקי.html,,,,,0.0,0,,,
היבה- סוויטת התארגנות כלות | Hiba סוויטת התארגנות כלות,,לחתן ולכלה,https://engaged.co.il/המלצות/היבה-סוויטת-התארגנות-כלות.html,,,0502827284,https://www.instagram.com/hiba_ashkelon_/,0.0,0,אשקלון,,
שוהם לוי כהן | Shoham Levy Cohen איפור וסירוק כלה,,לחתן ולכלה,https://engaged.co.il/המלצות/שוהם-לוי-כהן.html,,,,,0.0,0,אזור מרכז–דרום,,
איפור ותסרוקות U,,לחתן ולכלה,https://engaged.co.il/המלצות/איפור-ותסרוקות-u.html,,,0526364593,u.studiokala@gmail.com,0.0,0,...,,
את כלה סטודיו | at kala studio איפור ותסרוקת לחתונה,,לחתן ולכלה,https://engaged.co.il/המלצות/את-כלה-סטודיו.html,,,052-6364593,,0.0,0,אשדוד,,
דולהן חינה | Dullahan hina,,לחתן ולכלה,https://engaged.co.il/המלצות/דולהן-חינה.html,,,050-2302411,https://www.instagram.com/dullahan_hina,0.0,0,באר שבע,,
אתי בן איפור מקצועי | Eti Ben Makeup Artist מאפרת כלות וערב,,לחתן ולכלה,https://engaged.co.il/המלצות/אתי-בן-איפור-מקצועי.html,,,054-2060868,https://www.instagram.com/etti_ben33/,0.0,0,אשקלון והסביבה,,
פיי איפור כלות | Fey professional makeup artist איפור כלות טבעי,,לחתן ולכלה,https://engaged.co.il/המלצות/פיי-איפור-כלות.html,,,050-2536102,https://www.instagram.com/fey_makeup_artist/,0.0,0,"שמואל הנגיד 20, ירושלים",,
עיינות ספיר | Ayanot sapir התארגנות לחתונה,,לחתן ולכלה,https://engaged.co.il/המלצות/עיינות-ספיר.html,,,054-5538581,,0.0,0,"אגט 35, אבן ספיר, ישראל",,
פסגת שורש | pisgat shoresh מלון דירות נופש במושב,,לחתן ולכלה,https://engaged.co.il/המלצות/פסגת-שורש.html,,,054-7551142,https://pisgatshoresh.com,4.7,12,"הפסגה 1, שורש",,
טיליה אברהמי | tilya avrahami איפור ושיער טיליה אברהמי,,לחתן ולכלה,https://engaged.co.il/המלצות/טיליה-אברהמי.html,,,054-8036011,https://www.instagram.com/tilya_avrahami,0.0,0,,,
מיכל רוטשילד,,לחתן ולכלה,https://engaged.co.il/המלצות/מיכל-רוטשילד.html,,,,,0.0,0,"בצלאל, ירושלים",,
קלין דרים מכבסה,,לחתן ולכלה,https://engaged.co.il/המלצות/קלין-דרים-מכבסה.html,,,09-8331346,,0.0,0,"דרך רמתיים 35, הוד השרון",,
ויקי וונונו | Vicky vanunu מאפרת כלות וערב,,לחתן ולכלה,https://engaged.co.il/המלצות/ויקי-וונונו.html,,,052-6527036,vickyvanunu.com,0.0,0,Netanya,,
רותם רויטמן איפור כלה | Rotem Roytman Bridal Makeup,,לחתן ולכלה,https://engaged.co.il/המלצות/רותם-רויטמן-איפור-כלה.html,,,054-7935745,,0.0,0,"שבטי ישראל, נתניה",,
וילה אמה | Villa Ema הוילה המושלמת לארוע שלך,,לחתן ולכלה,https://engaged.co.il/המלצות/maor-elbaz.html,,,052-9172254,,0.0,0,חדרה,,
קלייר שמלות כלה | Clair Bridal,,לחתן ולכלה,https://engaged.co.il/המלצות/קלייר.html,,,077-230-9109,,0.0,0,"כפר סבא, ירושלים",,
הדרי כהן איפור מקצועי | Hadari cohen makeup artist איפור וליווי כלות,,לחתן ולכלה,https://engaged.co.il/המלצות/הדרי-כהן-איפור-מקצועי.html,,,0525783799,,0.0,0,הגעה לכל הארץ,,
Vanessa Allouche,,לחתן ולכלה,https://engaged.co.il/המלצות/vanessa-allouche.html,,,0545338330,www.vanessa.co.il,0.0,0,,,
שיר עוקשי מאפרת | Shir okashi makeup,,לחתן ולכלה,https://engaged.co.il/המלצות/שיר-עוקשי-מאפרת.html,,,054-7221081,,0.0,1,ראש העין,,
הילה אנגל | Hila Angel מאפרת ומסרקת כלות,,לחתן ולכלה,https://engaged.co.il/המלצות/הילה-אנגל.html,,,052-728-8919,,0.0,0,"הרב כהנא 263, אור עקיבא",,
מירזה | MIRZA חליפות חתן,,לחתן ולכלה,https://engaged.co.il/המלצות/מירזה.html,,,054-6322524,https://mirza-il.co.il,0.0,0,"שמואל הנגיד 43, רעננה",,
בחצר של אוטיליה | Otiliya מקום התארגנות לכלה,,לחתן ולכלה,https://engaged.co.il/המלצות/בחצר-של-אוטיליה.html,,,052-6772733,https://www.facebook.com/bahatzer.shel.otilya,0.0,0,חדרה,,
נועה אסף איפור וסירוק | Noa Asaf מאפרת ומסרקת כלות וערב,,לחתן ולכלה,https://engaged.co.il/המלצות/נועה-אסף-איפור-וסירוק.html,,,0526903225,https://instagram.com/noaasaf.makeup,0.0,0,"ארלוזורוב, חיפה",,
ארין אלבז ARIN - makeup pro,,לחתן ולכלה,https://engaged.co.il/המלצות/ארין-אלבז.html,,,054-599-7383,,0.0,0,"הר מצדה 95, אשדוד",,
וילת התארגנות לכלה | villakala וילהכלה,,לחתן ולכלה,https://engaged.co.il/המלצות/וילת-התארגנות-לכלה.html,,,050-9018311,,0.0,0,"הרימון, גן הדרום",,
טסה - הבית של הממתקים | Tasa Chocolate המגוון הכי גדול במחירים הכי טובים,,ארגון חתונה,https://engaged.co.il/המלצות/טסה-הבית-של-הממתקים.html,,,052-6350858,https://tasa.co.il/,0.0,0,"המלאכה 15, חולון",,
און עילי - הפקת אירועי השמחה שלכם האחריות שלנו!,,ארגון חתונה,https://engaged.co.il/המלצות/און-עילי-הפקת-אירועי.html,,,050-7630-705,,0.0,0,,,
דיגיטל פיק | Digital Pick אישורי הגעה וסידורי הושבה,,ארגון חתונה,https://engaged.co.il/המלצות/דיגיטל-פיק.html,,,,https://digitalpick.co.il,0.0,0,,,
אייס דיימונדס | Ice Diamonds אייס דיימונדס,,ארגון חתונה,https://engaged.co.il/המלצות/אייס-דיימונדס.html,,,050-9327076,,0.0,0,"דרך אבא הלל 7, רמת גן (בית סילבר)",,
ערב הפרשת חלה ערב המסוגל לכל הישועות,,ארגון חתונה,https://engaged.co.il/המלצות/ערב-הפרשת-חלה.html,,,055-9993560,,0.0,0,,,
דאבל צ'ק | Double Check אישורי הגעה וסידורי הושבה,,ארגון חתונה,https://engaged.co.il/המלצות/דאבל-צק.html,,,052-5117788,,0.0,0,,,
הרב מנחם קוטנר הרב מנחם קוטנר רב לחופה,,ארגון חתונה,https://engaged.co.il/המלצות/הרב-מנחם-קוטנר.html,,,054-4500893,,0.0,0,"שערי אורה 6, כפר חב""ד",,
Peacock מיתוג חתונה,,ארגון חתונה,https://engaged.co.il/המלצות/peacock-אירועים-ממותגים.html,,,,https://www.instagram.com/peacock.brand.design/,0.0,0,Tel Aviv,,
WiWi אישורי הגעה בווטצאפ,,ארגון חתונה,https://engaged.co.il/המלצות/wiwi-אישורי-הגעה-בווטצאפ.html,,,053-924-2324,https://wiwi.co.il,0.0,0,נתניה,,
חן הסעות ורכבי יוקרה | Chen Tours,,ארגון חתונה,https://engaged.co.il/המלצות/חן-הסעות-ורכבי-יוקרה.html,,,054-2328883,https://chen-tours.co.il,0.0,0,"יוסף נקר 29, פתח תקווה",,
סטאר וי איי פי | Star VIP רכבי יוקרה עם נהג צמוד,,ארגון חתונה,https://engaged.co.il/המלצות/סטאר-וי-איי-פי.html,,,0506561719,https://www.star-vip.co.il,0.0,0,ישראל,,
גיספן הפקות ארועים | Gispan events חלומות מתגשמים .,,ארגון חתונה,https://engaged.co.il/המלצות/גיספן-הפקות-ארועים.html,,,052-5111116,,0.0,0,,,
רכב מפואר לחתן כלה רכב אודי Q7 חדש לחתן כלה,,ארגון חתונה,https://engaged.co.il/המלצות/רכב-מפואר-לחתן-כלה.html,,,053-7551991,,0.0,0,,,
איזי טו גיב | Easy2Give כל מה שחתונה צריכה,,ארגון חתונה,https://engaged.co.il/המלצות/איזי-טו-גיב.html,,,050-9909893,https://www.easy2give.co.il,0.0,0,Tel Aviv,,
אגד הסעים | egged heseim הסעות לחתונה,,ארגון חתונה,https://engaged.co.il/המלצות/אגד-הסעים.html,,,*6414,https://www.eggedh.co.il,0.0,0,"עמל 10, ראש העין",,
טסלהה לחתונה | tesla Wedding עמיאל כהן,,ארגון חתונה,https://engaged.co.il/המלצות/amiel-cohen.html,,,052-780-6080,,0.0,0,,,
נוצ'ה | Nucha עיצוב אירועים,,ארגון חתונה,https://engaged.co.il/המלצות/נוצה.html,,,052-4753036,,0.0,0,,,
דיאמקה תכשיטים | Diamka יצרן תכשיטי זהב ויהלומים,,ארגון חתונה,https://engaged.co.il/המלצות/דיאמקה-תכשיטים.html,,,+1 (859) 254-6589,,0.0,0,רמת גן,,
השכרת רכבים לחתן וכלה | RIDE VIP הרכב המושלם ליום המושלם,,ארגון חתונה,https://engaged.co.il/המלצות/השכרת-רכבים-לחתן-וכלה.html,,,053-405-5505,,0.0,0,Tel Aviv,,
לאב - ים לבון מפיק חתונה חלומית בעלות אפסית,,ארגון חתונה,https://engaged.co.il/המלצות/לאב-ים-לבון-מפיק.html,,,,,0.0,0,,,
אביבית בכר מפיקה | Avivit Bachar הפקת חתונות ואירועים בסטייל,055-4577669,ארגון חתונה,https://engaged.co.il/המלצות/אביבית-בכר-מפיקה.html,,,,https://www.instagram.com/avivit_bachar_event,0.0,0,,,
קוקו באבל | Coco bubble בר קוקטיילים לחתונות,,ארגון חתונה,https://engaged.co.il/המלצות/קוקו-באבל.html,,,0559836016,https://www.instagram.com/coco.bubble_bar,0.0,0,,,
ענבל רוזנצויג | inbal rose מפיקה ומנהלת אירועים,077-9971142,ארגון חתונה,https://engaged.co.il/המלצות/ענבל-רוזנצויג.html,,,,,0.0,0,יהוד מונוסון,,
שלי חנן | Shelly Hanan ארגון חתונה חכם,,ארגון חתונה,https://engaged.co.il/המלצות/שלי-חנן.html,,,,https://www.instagram.com/shelly_hanan,0.0,0,,,
באלאו וודינג | Balao wedding עיצוב חתונות,,ארגון חתונה,https://engaged.co.il/המלצות/באלאו-וודינג.html,,,054-3011311,,0.0,0,המרכז; השפלה,,
אוטו מרקט | auto market השכרת רכבי יוקרה לחתונה,,ארגון חתונה,https://engaged.co.il/המלצות/raz-zano.html,,,052-5252571,,0.0,0,נתניה,,
יקום מקביל הפקות | אופיר רושנסקי מעצבים חוויה.,,ארגון חתונה,https://engaged.co.il/המלצות/יקום-מקביל-הפקות.html,,,054-542-2385,,0.0,0,,,
חינגא - אישורי הגעה אישורי הגעה חכמים,,ארגון חתונה,https://engaged.co.il/המלצות/חינגא-אישורי-הגעה.html,,,,,0.0,0,,,
הזמנינא | www.hazmanina.co.il הזמנות דיגיטליות לאירועים,,ארגון חתונה,https://engaged.co.il/המלצות/הזמנינא.html,,,054-6922214,https://www.hazmanina.co.il,0.0,0,רעננה,,
הרב שלמה בטקין,,ארגון חתונה,https://engaged.co.il/המלצות/הרב-שלמה-בטקין.html,,,052-3260790,,0.0,0,"קרית היובל, ירושלים, ישראל",,
כהן יצחק | Choen itzhak רב עורך חופה,,ארגון חתונה,https://engaged.co.il/המלצות/כהן-יצחק.html,,,052-2500139,,0.0,0,בצפון ובחיפה,,
"כלנית הסעות בע""מ | kalanit tour",,ארגון חתונה,https://engaged.co.il/המלצות/כלנית-הסעות-בעמ.html,,,050-8664000,,0.0,0,"יאיר 31, באר שבע 8420705",,
נוי לוי עיצוב חתונות עיצוב חתונה בהתאמה אישית,,ארגון חתונה,https://engaged.co.il/המלצות/נוי-לוי-עיצוב-חתונות.html,,,050-7177364,,0.0,0,חיפה,,
Top productions | Top productions Top productions,,ארגון חתונה,https://engaged.co.il/המלצות/top-productions.html,,,,https://www.topshow-productions.com,0.0,0,Israel,,
דמיטרי וולצ'וק | Dmitry Volchenko,,ארגון חתונה,https://engaged.co.il/המלצות/דמיטרי-וולצ-וק.html,,,054-4448375,,0.0,0,,,
נחמן חשין | nachman cheshin השכרת רכב מסוג טסלה,,ארגון חתונה,https://engaged.co.il/המלצות/נחמן-חשין.html,,,058-7654305,,0.0,0,,,
מנהל אירועים,,ארגון חתונה,https://engaged.co.il/המלצות/מנהל-אירועים.html,,,,,0.0,0,"שדרות ההסתדרות 251, חיפה, ישראל",,
מתי הסעות | Mati Tours LTD הסעות לחתונה,,ארגון חתונה,https://engaged.co.il/המלצות/מתי-הסעות.html,,,050-400-7004,http://mati-tours.co.il/,0.0,0,"שד' הרכס 13, מודיעין - מכבים - רעות 7178628",,
אושר | Osher אישורי הגעה,,ארגון חתונה,https://engaged.co.il/המלצות/נטו-אישורי-הגעה.html,,,050-2521151,,0.0,0,,,
דיאמונדס וי.אי.פי קארס | D.VIP CARS רכבי יוקרה,,ארגון חתונה,https://engaged.co.il/המלצות/דיאמונדס-וי-אי-פי-קארס.html,,,054-9196100,,0.0,0,אשדוד,,
שיבולים בית להפקת אירועים,,ארגון חתונה,https://engaged.co.il/המלצות/שיבולים.html,,,055-5565922,,0.0,0,"הצורן 4, אזור תעשייה פולג, נתניה",,
טל גת | Tal Gat מרצדס אספנות,,ארגון חתונה,https://engaged.co.il/המלצות/טל-גת.html,,,052-3268051,,0.0,0,,,
מסדרים | Mesadrim ניהול אירועים,077-7299987,ארגון חתונה,https://engaged.co.il/המלצות/מסדרים.html,,,050-4288830,,0.0,12,,,
הרב יוחאי אוחנה רב מחתן בניגון,,ארגון חתונה,https://engaged.co.il/המלצות/הרב-יוחאי-אוחנה.html,,,055-9704463,https://www.instagram.com/yochay_ohana,0.0,0,"אנה פרנק 16, בת ים, ישראל",,
חופת דוד | ‪Dudi Azulay‬‏ ‪Dudi Azulay‬‏,,ארגון חתונה,https://engaged.co.il/המלצות/חופת-דוד.html,,,055-971-1355,,0.0,0,,,
DivineEvents האמרים לחתונות ואירועים,,ארגון חתונה,https://engaged.co.il/המלצות/divineevents.html,,,0543078304,,0.0,0,,,
Top car | Top car השכרת רכבי יוקרה,,ארגון חתונה,https://engaged.co.il/המלצות/dokas-events.html,,,052-6400088,,,0,"המצודה 6, אזור",,
cars for you כי הדרך כן קובעת,,ארגון חתונה,https://engaged.co.il/המלצות/cars-for-you.html,,,,,0.0,0,,,
מי בא | MIBA אישורי הגעה,,ארגון חתונה,https://engaged.co.il/המלצות/מי-בא.html,,,052-4752000,,0.0,0,,,
רויאל רכבי יוקרה | Royal luxury vehicles ‏השכרת רכב יוקרה חתן כלה,,ארגון חתונה,https://engaged.co.il/המלצות/רויאל-רכבי-יוקרה.html,,,052-700-1010,,,,Tel Aviv,,
תבורי הפקות | Tavori Productions,,ארגון חתונה,https://engaged.co.il/המלצות/תבורי-הפקות.html,,,077-2114359,,0.0,0,ינוב,,
השכרת רכב יוקרה לחתונה,,ארגון חתונה,https://engaged.co.il/המלצות/השכרת-רכב-יוקרה-לחתונה.html,,,+972587970847,https://ormax.co.il,0.0,0,ישראל,,
מינצ׳ - מתנות מהלב | Minch - Gifts מתנות בעבודת יד ואיור,,ארגון חתונה,https://engaged.co.il/המלצות/מינצ׳-מתנות-מהלב.html,,,052-8722422,https://linktr.ee/minchlittlegifts,0.0,0,חנות אונליין ללא סניף פיזי,,
סימה תורשי | Sima torashi הפרשת חלה,,ארגון חתונה,https://engaged.co.il/המלצות/סימה-תורשי-הפרשת-חלה.html,,,050-5991591,https://wa.me/972505379981,0.0,0,,,
מאורסים מאורסות ארגון חתונה,055-4547274,ארגון חתונה,https://engaged.co.il/המלצות/מאורסים-הפקות.html,,,052-8700077,https://www.facebook.com/groups/meurasim/,0.0,0,Rishon Le Zion,,
"נונאגו הפקות | Nonago production השקט שלכם , המקצועיות שלנ",,ארגון חתונה,https://engaged.co.il/המלצות/נונאגו-הפקות.html,,,050-680-9561,,0.0,0,Modi'in,,
מפיק ליום החתונה הפקה וניהול אירוע,054486655,ארגון חתונה,https://engaged.co.il/המלצות/מפיק-ליום-החתונה.html,,,052-4662211,,5.0,25,,,
טל סולומון טקס חתונה סטנד אפ,,ארגון חתונה,https://engaged.co.il/המלצות/טל-סולומון-טקס-חתונה-סטנד.html,,,052-8648732,,0.0,0,תל אביב,,
החממה של דגן | Daggan Flowers עיצוב אירועים,,ארגון חתונה,https://engaged.co.il/המלצות/החממה-של-דגן.html,,,052-8744542,,0.0,0,"ארגמן 35, טירת יהודה",,
ריו הפקות | Rio Production הופכים חלומות למציאות.,,ארגון חתונה,https://engaged.co.il/המלצות/ריו-הפקות.html,,,,https://www.instagram.com/rio.prod.il/,0.0,0,,,
my wedding | my wedding,,ארגון חתונה,https://engaged.co.il/המלצות/my-wedding.html,,,054-2213154,,0.0,0,Kfar Hayim,,
"ספיר תור | Sapir tour רכבי חתן כלה,הסעות לאירוע",,ארגון חתונה,https://engaged.co.il/המלצות/ספיר-תור.html,,,0523650543,,0.0,0,ראשון לציון,,
ג'קי קוסקס | Serfaty By Koskas Serfaty By Koskas,,ארגון חתונה,https://engaged.co.il/המלצות/גקי-קוסקס.html,,,03-524-4444,https://www.serfatybykoskas.com/,4.7,153,"Ha-Yarkon St 165, Tel Aviv-Yafo, Israel",,
סימפל אישורי הגעה SIMPLE אישורי הגעה,,ארגון חתונה,https://engaged.co.il/המלצות/סימפל-אישורי-הגעה.html,,,,,0.0,0,,,
קייטרינג מרסי | catering merci קייטרינג בוטיק מרסי,,ארגון חתונה,https://engaged.co.il/המלצות/קייטרינג-מרסי.html,,,050-541-5145,http://mercievents.co.il,0.0,0,רמת גן,,
יהלום קייטרינג ועיצוב אירועים קייטרינג ועיצוב חתונות,,ארגון חתונה,https://engaged.co.il/המלצות/יהלום-קייטרינג-ועיצוב-אירועים.html,,,055-5604217,,0.0,5,"בעלי המלאכה 17, חדרה",,
פירסט קלאס | First class vip נוסעים בסטייל לחופה,,ארגון חתונה,https://engaged.co.il/המלצות/פירסט-קלאס.html,,,054-6330030,,0.0,0,,,
חן שגב | Chen segev ההופעה שלנו באירוע שלך,,ארגון חתונה,https://engaged.co.il/המלצות/חן-שגב.html,,,0509556920,,0.0,0,,,
המרכז לריפוי בת.קו זמן | THT CENTER הסוד לזוגיות מאושרת,,ארגון חתונה,https://engaged.co.il/המלצות/המרכז-לריפוי-בתקו-זמן.html,,,"0526130323, 0522499359",,0.0,0,"רח' החרט 12, מתחם איילה, בניין B, קומה 2, ישפרו סנטר, מודיעין",,
גולן הפקות- golan hear | golan heart production מנהל אירוע מטעם הזוג,,ארגון חתונה,https://engaged.co.il/המלצות/גולן-הפקות-golan-hear.html,,,053-2450381,,0.0,0,"ראש העין, מחוז המרכז, ישראל",,
ג'ול מי | JOOLME JOOLME - טבעות אירוסין,,ארגון חתונה,https://engaged.co.il/המלצות/גול-מי.html,,,050-7111311,https://joolme.co.il,0.0,0,"שוהם 7, רמת גן",,
אהובתי | Ahuvati Flowers מפיצים אהבה ויופי,,ארגון חתונה,https://engaged.co.il/המלצות/אהובתי.html,,,0524206919,,0.0,0,איזור ירושלים,,
לב הארץ הסעות וטיולים | Hasaot Lev Haaretz,,ארגון חתונה,https://engaged.co.il/המלצות/לב-הארץ-הסעות-וטיולים.html,,,074-766-14-15,,0.0,0,Holon,,
TIP TOP ניהול אירועים הופכים אירועים למדויקים,,ארגון חתונה,https://engaged.co.il/המלצות/tip-top-ניהול-אירועים.html,,,055-259-3397,,0.0,0,Beersheba,,
מאושרים | Meoosharim אישורי הגעה וסידורי הושבה,,ארגון חתונה,https://engaged.co.il/המלצות/מאושרים.html,,,050-8456606,,0.0,0,,,
פשוט אירוע ניהול והפקת אירוע,,ארגון חתונה,https://engaged.co.il/המלצות/פשוט-אירוע.html,,,0523511519,https://www.instagram.com/pashut_irua,0.0,0,,,
הרב זוהר יעיש רב מחתן,,ארגון חתונה,https://engaged.co.il/המלצות/הרב-זוהר-יעיש.html,,,054-7723823,,0.0,5,,,
דורון הסעות הסעות לחתונה,,ארגון חתונה,https://engaged.co.il/המלצות/דורון-הסעות.html,,,074-7746080,,0.0,0,פריסה ארצית,,
סהר לימוזין | Sahar Limousine השכרת לימוזינה רכבי יוקרה,,ארגון חתונה,https://engaged.co.il/המלצות/סהר-לימוזין.html,,,052-2572214,,0.0,0,"מרכז, בתל אביב והסביבה",,
דובי הסעות בעמ,,ארגון חתונה,https://engaged.co.il/המלצות/דובי-הסעות-בעמ.html,,,*4529,http://www.dobitours.co.il,0.0,0,"התאנים 15, בית אליעזר, חדרה",,
חברת הפקה 361 | 361uce,,ארגון חתונה,https://engaged.co.il/המלצות/חברת-הפקה-361.html,,,054-2001550,,0.0,0,,,
כוחו פרוייקטים והפקות,,ארגון חתונה,https://engaged.co.il/המלצות/כוחו-פרוייקטים-והפקות.html,,,,,0.0,0,,,
RSVP אישורי הגעה וניהול אירוע | RSVP,,ארגון חתונה,https://engaged.co.il/המלצות/rsvp-אישורי-הגעה-וניהול-אירוע.html,,,,https://www.rsvpevents.co,0.0,0,,,
דרינק האוס | Drink House אין חתונה בלי דרינק.,,ארגון חתונה,https://engaged.co.il/המלצות/דרינק-האוס.html,,,058-4274277,,0.0,0,"המגינים 17, פתח תקווה",,
גל לוין | YAGA PRODUCTION הפקה ניהול אירוע,,ארגון חתונה,https://engaged.co.il/המלצות/גל-לוין-הפקה-ניהול-אירוע.html,,,054-690-6222,https://www.facebook.com/YAGAPRODUCTION,0.0,0,,,
ג'מס אונליין | Gems Online תכשיטים יהלומים ואבני חן,,ארגון חתונה,https://engaged.co.il/המלצות/גמס-אונליין.html,,,+972 58-401-4328,,0.0,0,,,
האמר מלכותי לאירועים,,ארגון חתונה,https://engaged.co.il/המלצות/האמר-מלכותי-לאירועים.html,,,054-3684722,,0.0,0,ראשון לציון,,
לסרי רכבי יוקרה השכרת רכבים לחתונה,,ארגון חתונה,https://engaged.co.il/המלצות/לסרי-רכבי-יוקרה.html,,,0533710060,,0.0,0,בכל חלקי הארץ,,
שי לי הזמנות | shay lee invites אישורי הגעה וסידורי הושבה,,ארגון חתונה,https://engaged.co.il/המלצות/שי-לי-הזמנות.html,,,052-3192915,,0.0,0,,,
אקטיביטיס | Activities הפקת אירועים,,ארגון חתונה,https://engaged.co.il/המלצות/אקטיביטיס.html,,,050-598-8531,http://activities.co.il,0.0,0,עכו,,
ריין עיצוב אירועים | Reine event design עיצוב אירועים,,ארגון חתונה,https://engaged.co.il/המלצות/ריין-עיצוב-אירועים.html,,,054-7440726,,0.0,0,קדימה,,
לטינוגרף | LatinoGraf,,ארגון חתונה,https://engaged.co.il/המלצות/לטינוגרף.html,,,052-7276041,,0.0,0,,,
הילה ברמן דרים פרו | Hila Berman Dream Productions הפקת אירועים חלומיים בטבע,,ארגון חתונה,https://engaged.co.il/המלצות/הילה-ברמן-דרים-פרו.html,,,054-4903332,,0.0,0,,,
עץ הזית הפקות אירועים בטבע,054486655,ארגון חתונה,https://engaged.co.il/המלצות/עץ-הזית-הפקות.html,,,072-3303355,https://haagam.co.il/,0.0,0,Jerusalem,,
Day Dreams רכבי יוקרה לחתונה,,ארגון חתונה,https://engaged.co.il/המלצות/גיפ-פורש-לחתונה.html,,,052-6959499,,0.0,0,"דוד איבנוצקי 103, משמר השבעה",,
אדיר רכבי יוקרה | Adir השכרת רכבי יוקרה לחתן כלה,,ארגון חתונה,https://engaged.co.il/המלצות/אדיר-רכבי-יוקרה.html,,,052-520-2022,,0.0,0,Tel Aviv,,
"WECOME | WECOME אירוע מושלם, תכנון קל.",,ארגון חתונה,https://engaged.co.il/המלצות/wecome.html,,,052-4412621,,0.0,0,,,
חתונה בצ׳יל | chill wedding מתחתנים בראש שקט :),,ארגון חתונה,https://engaged.co.il/המלצות/חתונה-בצ׳יל.html,,,050-6499120,,0.0,0,שרון,,
משחק הכיסאות אישורי הגעה הושבה וניהול אירוע,,ארגון חתונה,https://engaged.co.il/המלצות/משחק-הכיסאות.html,,,050-3064555,https://chairs.game,0.0,0,באר שבע,,
ליאמור | Liamor אישורי הגעה וסידורי הושבה,,ארגון חתונה,https://engaged.co.il/המלצות/ליאמור.html,,,0522026333,,0.0,0,Ma'ale Adummim,,
הסדרנית | Hasadranit אישורי הגעה וסידורי הושבה,,ארגון חתונה,https://engaged.co.il/המלצות/הסדרנית.html,,,054-941-4114,,0.0,0,Jerusalem,,
אליה משעלי | eliya mishali מפיקה ומנהלת אירועים,,ארגון חתונה,https://engaged.co.il/המלצות/אליה-משעלי.html,,,,,0.0,0,,,
הסעות מחלקה ראשונה | First class transportation שירותי הסעות יוקרה,,ארגון חתונה,https://engaged.co.il/המלצות/הסעות-מחלקה-ראשונה.html,,,054-8072008,https://www.shuttle4u.co.il,0.0,0,"הסירה 7, Yavne, Israel",,
קוי אירועי קוקטיילים | KOI Cocktail Events KOI Cocktail Events,,ארגון חתונה,https://engaged.co.il/המלצות/קוי-אירועי-קוקטיילים.html,,,050-962-9030,https://koi-bar.co.il,0.0,0,,,
סטאר לימוזין | star limuzin השכרת רכבים לאירועים,,ארגון חתונה,https://engaged.co.il/המלצות/אגם-לימוזין.html,,,054-6333112,,0.0,0,"תמר 4, חולון",,
רז יראקצ'י | רז יראקצ'י רז יראקצ'י,,ארגון חתונה,https://engaged.co.il/המלצות/רז-יראקצי-מעצבת-גרפית.html,,,0528272109,www.razyarakchi.co.il,0.0,0,ראשון לציון,,
ים קוקטיילס- הפקות האירוע שלך - האירוע שלנו,,ארגון חתונה,https://engaged.co.il/המלצות/ים-קוקטיילס-הפקות.html,,,053-344-4624,,0.0,0,הוד השרון,,
פלפלת | Pilplt עיצוב והפקות אירועים,,ארגון חתונה,https://engaged.co.il/המלצות/פלפלת.html,,,,,0.0,0,,,
שמחה יהודית הפקת חינה וערב מקווה,,ארגון חתונה,https://engaged.co.il/המלצות/שמחה-יהודית.html,,,052-7613722,,0.0,0,ירושלים,,
דיימונד קאר | Diamondcar השכרת רכבי יוקרה לאירועים,,ארגון חתונה,https://engaged.co.il/המלצות/דיימונד-קאר.html,,,077-8047618,,0.0,0,"דרך זאב ז'בוטינסקי 8, בני ברק",,
טסלה לחתונה | אנאל בן דוד הדרך לחופה בסטנדרט גבוה,,ארגון חתונה,https://engaged.co.il/המלצות/טסלה-לחתונה.html,,,,,0.0,0,,,
‏אולטרה טרבל | Ultra travl השכרת רכב לחתונה,0504007004,ארגון חתונה,https://engaged.co.il/המלצות/‏אולטרה-טרבל.html,,,0505531067,,0.0,0,בני עטרות,,
סאני וי אי פי הסעות | SUNNY VIP מרגישים בבית בדרכים,,ארגון חתונה,https://engaged.co.il/המלצות/סאני-וי-אי-פי-הסעות.html,,,055-4310081,,0.0,0,"ארלוזורוב 117, חולון",,
"אור גל , events | Orgal events ניהול ארועים",,ארגון חתונה,https://engaged.co.il/המלצות/אור-גל-events.html,,,050-8652668,,0.0,0,,,
האמר לחתונה | hummer,,ארגון חתונה,https://engaged.co.il/המלצות/מאורסים.html,,,,,0.0,0,"השרון, תל אביב יפו",,
הלימוזינה,,ארגון חתונה,https://engaged.co.il/המלצות/הלימוזינה.html,,,,,0.0,0,,,
הסעות המלכים | Kings travle לימוזינות לחתנים וכלות,,ארגון חתונה,https://engaged.co.il/המלצות/הסעות-המלכים.html,,,025813399,https://m.facebook.com/Kingstravelvip/,0.0,0,"כנפי נשרים 68, ירושלים",,
דור מנדלוביץ׳ - ניהול,,ארגון חתונה,https://engaged.co.il/המלצות/דור-מנדלוביץ׳-ניהול.html,,,052-8723767,,0.0,0,,,
הרב נריה כהן | נריה כהן חופה קלילה במאור פנים,055-4336200,ארגון חתונה,https://engaged.co.il/המלצות/הרב-נריה-כהן.html,,,054-533-4390,,0.0,0,,,
אושרת הוכברג | HOCBERG OSHRAT הפקות וניהול אירועים בקונספט,,ארגון חתונה,https://engaged.co.il/המלצות/אושרת-הוכברג.html,,,052-5345758,,0.0,0,,,
עומרי שולקר | Omry Shulker חברת הפקות,,ארגון חתונה,https://engaged.co.il/המלצות/עומרי-שולקר.html,,,052-6353538,,0.0,0,,,
מאור הפקות - חופה מעוצבת כולל הכל,0524044321,ארגון חתונה,https://engaged.co.il/המלצות/חופה-להשכרה.html,,,0502142286,,0.0,0,"מתחם 7 הכוכבים, רח' לישנסקי 4, ראשל""צ",,
כיסויים לכסאות כיסויים לכסאות,,ארגון חתונה,https://engaged.co.il/המלצות/כיסויים-לכסאות.html,,,0526272681,,0.0,0,,,
אלכוצ׳ק | AlcoCheck מחשבים-מזמינים-חוגגים,,ארגון חתונה,https://engaged.co.il/המלצות/אלכוצ׳ק.html,,,050-577-9947,,0.0,0,Rishon Le Zion,,
Shai Yefet | Shai Yefet Shai Yefet,,ארגון חתונה,https://engaged.co.il/המלצות/shai-yefet.html,,,,,0.0,0,,,
Sagi Shentag | Luxury car for weddings Audi Q7 Luxury,,ארגון חתונה,https://engaged.co.il/המלצות/sagi-shentag.html,,,052-4411135,,0.0,0,,,
דריה עיצוב פרחים | Daria flower design עיצוב אירועים בפרחים,,ארגון חתונה,https://engaged.co.il/המלצות/דריה-עיצוב-פרחים.html,,,,,0.0,0,Qiryat Ono,,
הזמנות למתחתנים הזמנות דיגיטליות,,ארגון חתונה,https://engaged.co.il/המלצות/הזמנות-למתחתנים.html,,,לא צוין,לא צוין,0.0,0,לא צוין,,
הילה גואטה | Hila goueta ניהול והפקת אירועים,,ארגון חתונה,https://engaged.co.il/המלצות/הילה-גואטה.html,,,0525407194,https://www.instagram.com/hila_goueta_productions,0.0,0,מחנה הילה,,
אורן ברששת | Oran barsheshet העצמה נשית ✨️,,ארגון חתונה,https://engaged.co.il/המלצות/אורן-ברששת.html,,,,,0.0,0,Hod HaSharon,,
אולטרה בר | ultra bar אולטרה בר - בר לאירועים,,ארגון חתונה,https://engaged.co.il/המלצות/אולטרה-בר.html,,,050-969-1376,http://www.ultrabar.co.il,0.0,0,חדרה,,
שלי חסווה מפיקת חתונות | Sheli hasweh מפיקת חתונות+מנהלת חתונות,,ארגון חתונה,https://engaged.co.il/המלצות/שלי-חסווה-מפיקת-חתונות.html,,,+972 54-942-8922,https://www.facebook.com/shelihasweh,0.0,0,"שדרות הראשונים, ראשון לציון",,
Fruit & Cheers,,ארגון חתונה,https://engaged.co.il/המלצות/fruit-cheers.html,,,03-9153136,,0.0,0,גבעת יערים,,
דפוס ארט | ART-PRINT עיצוב והדפסה אקספרס,,ארגון חתונה,https://engaged.co.il/המלצות/דפוס-ארט.html,,,04-8438088,http://www.artprint.co.il,0.0,0,"רח' העצמאות 83, קרית אתא",,
מיאמי לימוזין | Miami Limo לימוזינה לחתונה,,ארגון חתונה,https://engaged.co.il/המלצות/מיאמי-לימוזין.html,,,054-8630123,,0.0,0,רחובות,,
גטסיט | Get'seat אישורי הגעה וניהול אירועים,,ארגון חתונה,https://engaged.co.il/המלצות/גטסיט-אישורי-הגעה-וניהול-אירועים.html,,,0522491922,,0.0,0,,,
Dorit Productions מפיקת חתונות,,ארגון חתונה,https://engaged.co.il/המלצות/ד-א-י-פרודקשיין.html,,,054-5399188,,0.0,0,,,
"ש.מ.ש משקאות | S.M.S DRINKS הנוחות שלכם, האחריות שלנו",,ארגון חתונה,https://engaged.co.il/המלצות/שמש-משקאות.html,,,054-5435939,https://smsdrinks.co.il,0.0,0,"Gan Yavne, Israel",,
איוונט איז | EVENT-IS שירותי השכרת רכבים לחתונה,,ארגון חתונה,https://engaged.co.il/המלצות/איוונט-איז.html,,,054-6101848,,0.0,0,,,
מליה | Malia סידור וניהול אירועים,,ארגון חתונה,https://engaged.co.il/המלצות/מליה.html,,,,,0.0,0,ראשון לציון,,
בריידסמן | BridesMen מנהל האירוע שלך,,ארגון חתונה,https://engaged.co.il/המלצות/בריידסמן.html,,,050-3006979,https://www.bridesmen.co.il,0.0,0,Ramat Gan,,
"קייטרינג שף גורמה | chef catering כל סוגי האירועים, כל הארץ",,ארגון חתונה,https://engaged.co.il/המלצות/קייטרינג-שף-גורמה.html,,,052-3223326,,0.0,0,כל הארץ,,
אורנית סולימן | Ornit אוודי Q2 להשכרה,,ארגון חתונה,https://engaged.co.il/המלצות/אורנית-סולימן.html,,,054-7541177,,0.0,0,,,
tal s,,ארגון חתונה,https://engaged.co.il/המלצות/tal-s.html,,,,,,,,,
מוטי בואנוס | |BUENOS TOUR שירותי מיניבוסים מפוארים,,ארגון חתונה,https://engaged.co.il/המלצות/מוטי-בואנוס.html,,,0523878869,,0.0,0,,,
החברה אלה הפרשות חלה של חברות,,ארגון חתונה,https://engaged.co.il/המלצות/החברה-אלה.html,,,,,0.0,0,נס ציונה,,
"דורין - הקול משמיים חוויה נשית מרגשת, שמשלבת",,ארגון חתונה,https://engaged.co.il/המלצות/דורין-הקול-משמיים.html,,,,,0.0,0,באר יעקב,,
טסלה לימוזין | Tesla Vip השכרת טסלה X לחתונה,,ארגון חתונה,https://engaged.co.il/המלצות/טסלה-לימוזין.html,,,058-79-79-085,https://www.teslavip.co.il,0.0,0,,,
אורבן טורס | URBAN TOURS הסעות לחתונה,055-4355424,ארגון חתונה,https://engaged.co.il/המלצות/אורבן-טורס.html,,,054-6320835,,0.0,0,"השופטים 34, טבריה 1427821",,
שני ימין מפיקת אירועים,,ארגון חתונה,https://engaged.co.il/המלצות/שני-ימין-מפיקת-אירועים.html,,,052-7975863,https://www.facebook.com/shaniyaminphotography,0.0,8,אשקלון,,
רינג און מי | Ring on me בדרך לחתונה עוצרים אצלנו,,ארגון חתונה,https://engaged.co.il/המלצות/רינג-און-מי.html,,,,https://www.instagram.com/_ring_on_me_/,0.0,0,הרצליה,,
ליאור הסעות הסעות לחתונה,055-4547323,ארגון חתונה,https://engaged.co.il/המלצות/ליאור-הסעות.html,,,050-4488573,,0.0,0,"דרך מנחם בגין, תל אביב יפו",,
הרב אלירן זגורי רב לחופה,,ארגון חתונה,https://engaged.co.il/המלצות/הרב-אלירן-זגורי.html,,,054-4607800,,0.0,0,,,
"רבר הפקות | Rever production your dream, our job.",,ארגון חתונה,https://engaged.co.il/המלצות/רבר-הפקות.html,,,054-6646923,,0.0,0,"ארלוזורוב 11, רמת גן",,
"בי אנד בי | B&B Events Management הטיפול שלנו, הנחת שלכם",,ארגון חתונה,https://engaged.co.il/המלצות/בי-אנד-בי.html,,,,,0.0,0,,,
טלי שחר מפיקה | Tali Shahar Production,,ארגון חתונה,https://engaged.co.il/המלצות/טלי-שחר-מפיקה.html,,,,https://linktr.ee/tali.shahar,0.0,0,Tel Aviv,,
מריה סרגין | Maria Sergin עיצוב והפקת אירועים,,ארגון חתונה,https://engaged.co.il/המלצות/מריה-סרגין.html,,,053-4233989,,0.0,0,,,
"זייציק | Zaichik ניהול, ליווי והפקת חתונות",,ארגון חתונה,https://engaged.co.il/המלצות/זייציק-ליווי-והפקה.html,,,,,0.0,0,Ra'anana,,
דנה פדידה | Fadida Dana מפיקת חתונות,055-4547314,ארגון חתונה,https://engaged.co.il/המלצות/דנה-פדידה.html,,,054-4230900,https://danaevents.co.il,0.0,0,,,
"הרב יצחק אגמי | יצחק אגמי רב מחתן, חופה מרגשת, קליל",,ארגון חתונה,https://engaged.co.il/המלצות/הרב-יצחק-אגמי.html,,,0584428997,,0.0,0,"נחל דולב, שדרות, ישראל",,
לילך עיני | Lilach eini מפיקה ומנהלת ארועים,,ארגון חתונה,https://engaged.co.il/המלצות/לילך-עיני.html,,,0586235566,,0.0,0,,,
קייטרינג נוליס | catering nolis קייטרינג חלבי,,ארגון חתונה,https://engaged.co.il/המלצות/קייטרינג-נוליס.html,,,"058-55-11-555, 052-2589010",,0.0,0,,,
הרב משה בובי | Moshe Bobi חופה בסגנון שלכם,050-888-3190,ארגון חתונה,https://engaged.co.il/המלצות/משה-בובי.html,,,052-3569481,,0.0,0,לוד,,
הסעות לחתונה | Wedding-Ride מערכת לניהול הסעות לחתונה,,ארגון חתונה,https://engaged.co.il/המלצות/הסעות-לחתונה.html,,,0557237520,https://www.instagram.com/rideto_500,0.0,0,,,
עדי יופה - הפקת אירועים חיוך כל הדרך לחופה,,ארגון חתונה,https://engaged.co.il/המלצות/עדי-יופה-הפקת-אירועים.html,,,052-4476677,https://www.instagram.com/adi.yoffe.events/,0.0,0,Tel Aviv,,
האמר פאר לימוזין | hummerpeerlimousin החגיגה מתחילה כבר בדרך,,ארגון חתונה,https://engaged.co.il/המלצות/האמר-פאר-לימוזין.html,,,053-7253893,https://hummerpeerlimousin.co.il/,0.0,0,פתח תקווה,,
סטודיו קופינה | Studio Kupinna,,ארגון חתונה,https://engaged.co.il/המלצות/סטודיו-קופינה.html,,,054-6331180,,0.0,0,,,
לונסול אירועים | LunSoul מערכת חכמה לניהול אירועים,,ארגון חתונה,https://engaged.co.il/המלצות/לונסול-אירועים.html,,,050-8451122,https://lunsoul.events,0.0,0,...,,
תמונת סידורי הושבה | אישורי הגעה הופכים תמונה לזיכרון,,ארגון חתונה,https://engaged.co.il/המלצות/תמונת-סידורי-הושבה.html,,,,,0.0,0,,,
מיה אורו | Mia Oro Jewelry תכשיטים בעיצוב אישי,,ארגון חתונה,https://engaged.co.il/המלצות/מיה-אורו.html,,,054-2385588,https://mia-oro.com,0.0,0,"הסיבים 49, פתח תקווה",,
כניסה מפוארת לחתונות | Luxury Wedding Luxury Wedding,,ארגון חתונה,https://engaged.co.il/המלצות/כניסה-מפוארת-לחתונות.html,,,077-5581839,,0.0,0,,,
הקול לארוע השכרת ציוד הגברה ותאורה,,ארגון חתונה,https://engaged.co.il/המלצות/הקול-לארוע.html,,,,,0.0,0,,,
סוואן ווניו | SwanVenue,,ארגון חתונה,https://engaged.co.il/המלצות/סוואן-ווניו.html,,,054-2322317,https://www.instagram.com/swanvenue/,0.0,0,,,
פאן טו סיט | FUN 2 SEAT לא נופלים בין הכיסאות,,ארגון חתונה,https://engaged.co.il/המלצות/פאן-טו-סיט.html,,,052-614-5926,,0.0,0,,,
מיה דיימונד | Mia Diamond,,ארגון חתונה,https://engaged.co.il/המלצות/מיה-דיימונד.html,,,053-888-8972,,0.0,0,"מתחם הבורסה, רמת גן",,
הרב משה מועלם | Moshe Moalem רב עורך טקס חופה וקידושין,055-4547317,ארגון חתונה,https://engaged.co.il/המלצות/הרב-משה-מועלם.html,,,054-8484284,https://www.instagram.com/hupot_hupot,0.0,0,,,
א.פ. רכבי יוקרה | E.p.luxury car השכרת רכב יוקרה לחתונה,,ארגון חתונה,https://engaged.co.il/המלצות/אפ-רכבי-יוקרה.html,,,052-5200028,,0.0,0,,,
Invite2You | Invite2You אישורי הגעה לחתונה,,ארגון חתונה,https://engaged.co.il/המלצות/invite2you.html,,,054-9464640,,0.0,0,,,
סאן פלאוורס דיזיין | Sunflowers Design עיצוב פרחים לאירועים,,ארגון חתונה,https://engaged.co.il/המלצות/סאן-פלאוורס-דיזיין.html,,,0542633733,https://www.instagram.com/sunflowers_design_/,0.0,0,"האלון, מבשרת ציון",,
"וויקול שירותי קול סנטר | wecall אישורי קול סנטר שירות,שקיפות וזמינות",,ארגון חתונה,https://engaged.co.il/המלצות/גלעד-גבאי.html,,,*8335,,0.0,0,"החומה 12, ראשון לציון",,
פרח בר | wild flower,,ארגון חתונה,https://engaged.co.il/המלצות/פרח-בר.html,,,03-7220986,https://wildflower.co.il,0.0,0,"שוקן 27, תל אביב יפו",,
תרין הפקות | Tarin productions תכנון ניהול הפקות אירועים,,ארגון חתונה,https://engaged.co.il/המלצות/תרין-הפקות.html,,,052-4740681,,0.0,0,ראשון לציון,,
קייטרינג ארצנו קייטרינג בשרי לאירועים,,ארגון חתונה,https://engaged.co.il/המלצות/קייטרינג-ארצנו.html,,,050-6338893,,0.0,0,חלץ,,
האמר לימוזין טל | Hummer Limousine Tal האמר לימוזין לחתונה,055-4547272,ארגון חתונה,https://engaged.co.il/המלצות/האמר-לימוזין-טל.html,,,054-6690391,http://talhummer.co.il,5.0,26,"השרון, תל אביב יפו",,
קינן השכרת רכב רכב לחתונה+נהג צמוד!,,ארגון חתונה,https://engaged.co.il/המלצות/קינן-השכרת-רכב.html,,,053-3009687,,0.0,0,,,
אופק | ofek אופק רכבי יוקה,,ארגון חתונה,https://engaged.co.il/המלצות/אופק.html,,,054-9555470,,0.0,0,"דרך זאב ז'בוטינסקי 33, רמת גן (מגדלי התאומים)",,
שף רוסלן | Chef Ruslan Ruslan Yegudayev,,ארגון חתונה,https://engaged.co.il/המלצות/שף-רוסלן.html,,,050-2514979,https://www.facebook.com/ChefRuslan,0.0,0,משגב,,
דניאל נהג ליום החתונה .. | Daniel סקודה סופרב כולל נהג,,ארגון חתונה,https://engaged.co.il/המלצות/דניאל-הרוש.html,,,054-6886663,,0.0,0,,,
"נשבעים בסטייל | Swears In Style הסטייל שלנו ,הזיכרון שלכם",,ארגון חתונה,https://engaged.co.il/המלצות/נשבעים-בסטייל.html,,,054-3999902,https://www.instagram.com/swears.in.style,0.0,0,Beersheba,,
מיטל כחלון,,ארגון חתונה,https://engaged.co.il/המלצות/מיטל-כחלון.html,,,,,0.0,0,"Ashdod, Tel Aviv",,
בלייז בר | Blaze Bar בר אירועים וקוקטיילים,,ארגון חתונה,https://engaged.co.il/המלצות/בלייז-בר.html,,,054-8165488,https://wa.link/bmhxkv,4.5,98,"הלל 23, ירושלים (מגדל ירושלים)",,
רכבי יוקרה לאירועים,,ארגון חתונה,https://engaged.co.il/המלצות/רכבי-יוקרה-לאירועים.html,,,,https://www.facebook.com/RideVip,0.0,0,Tel Aviv,,
לילו פרמיום קאר | LiLo Premium Car לילו פרמיום קאר השכרה,,ארגון חתונה,https://engaged.co.il/המלצות/סרגיי-פודוליאק.html,,,050-4206777,,0.0,0,"דרך השבעה 19, אזור",,
קובי דרורי | K.d נהגת כלות מרצדס,,ארגון חתונה,https://engaged.co.il/המלצות/קובי-דרורי.html,,,0523221312,,0.0,0,,,
הרב נתנאל בן מעש רב לחתונה,,ארגון חתונה,https://engaged.co.il/המלצות/הרב-נתנאל-בן-מעש-רב-לחופה.html,,,"0542577035, 0542577034",,0.0,0,"3 Ma'ale HaAshalim St, Mikhmoret",,
מאמבו הפקות הפקות אירועים,,ארגון חתונה,https://engaged.co.il/המלצות/מאמבו-הפקות.html,,,,,0.0,0,,,
"לובאלה ,עיצוב אירועים | lovella makes your heart bloom",,ארגון חתונה,https://engaged.co.il/המלצות/לובאלה-עיצוב-אירועים.html,,,050-6677464,,0.0,0,"אליעזר מזל 4, קומה 1, ראשל""צ מערב",,
בוקט פור יו | Bouquet 4 u Bouquet 4 u,,ארגון חתונה,https://engaged.co.il/המלצות/בוקט-פור-יו.html,,,077-7800592,https://bouquet4u.co.il,0.0,0,"הרצל 29, ראשון לציון",,
אלי חורי איפור כלות וערב,054-9792456,לחתן ולכלה,https://easy.co.il/page/26152693,https://media.easy.co.il/images/UserThumbs/26152693_1524148553818.jpg,,054-9792456,http://eliomakeup.com/,,,,256,תל אביב יפו
שגיא ומאור,03-5258208,לחתן ולכלה,https://easy.co.il/page/3560337,https://media.easy.co.il/images/PICS/3835718.jpg,,03-5258208,https://www.facebook.com/403563373075661,,,,281,"בוגרשוב 15, תל אביב יפו"
אלי דהאן מסרק כלות וערב,050-7680077,לחתן ולכלה,https://easy.co.il/page/3071738,https://media.easy.co.il/images/StaticLogo/3071738_1.jpg,,050-7680077,http://eli-d.co.il/,,,,76,"טרומפלדור 10, חולון"
ליהי ציון איפור ושיער,054-7743219,לחתן ולכלה,https://easy.co.il/page/10057063,https://media.easy.co.il/images/UserThumbs/10057063_1568012695772.jpg,,054-7743219,https://www.instagram.com/lihitzion.hair.makeup/,,,,199,"כנפי נשרים, רמת גן"
אילן מרגלית עיצוב שיער,03-6763456,לחתן ולכלה,https://easy.co.il/page/3384442,https://media.easy.co.il/images/PICS/3579751.jpg,,03-6763456,https://www.facebook.com/763081770488648,,,,112,"תרצה 19, רמת גן (מרכז מסחרי מרום נווה)"
קארין כהן,052-3727050,לחתן ולכלה,https://easy.co.il/page/8825339,https://media.easy.co.il/images/PICS/4569312.jpg,,052-3727050,http://karinco.com/,,,,152,"שדרות סמאטס 4, תל אביב יפו"
חן אלוני,054-6633397,לחתן ולכלה,https://easy.co.il/page/10038668,https://media.easy.co.il/images/UserThumbs/10038668_1544023866759.png,,054-6633397,http://chenaloni.co.il/,,,,44,"מרים החשמונאית, תל אביב יפו"
ליאט בן שמשון,054-5335771,לחתן ולכלה,https://easy.co.il/page/1990951,https://media.easy.co.il/images/UserThumbs/1990951_1741622128713_0.jpg,,054-5335771,http://liat-ipur.co.il/,,,,253,"פנקס, בת ים"
studio29,03-5757390,לחתן ולכלה,https://easy.co.il/page/26060562,https://media.easy.co.il/images/PICS/3596252.jpg,,03-5757390,https://www.facebook.com/808900569125977,,,,50,"רש""י  29, רמת גן"
דיתי מסר איפור מקצועי,052-5531115,לחתן ולכלה,https://easy.co.il/page/6254164,https://media.easy.co.il/images/PICS/4194543.jpg,,052-5531115,http://www.ditimesser.com/,,,,201,"אחד העם 14, רמת גן"
ליאור אחדות מעצב שיער,050-5878158,לחתן ולכלה,https://easy.co.il/page/20588161,https://media.easy.co.il/images/UserThumbs/20588161_1670271481921.jpeg,,050-5878158,,,,,31,"קריניצי 32, רמת גן"
אסנת ממן מאפרת כלות איפור ערב איפור לאירועים,053-3925250,לחתן ולכלה,https://easy.co.il/page/27385514,https://media.easy.co.il/images/category/ip8/4033b.png,,053-3925250,,,,,21,"ויזניץ, בני ברק"
ליאת מאמן,050-8446615,לחתן ולכלה,https://easy.co.il/page/4035419,https://media.easy.co.il/images/PICS/8949960.jpg,,050-8446615,http://liatmaman.com/,,,,228,"הצנחנים 18, חולון"
ארז אלון,052-8576540,לחתן ולכלה,https://easy.co.il/page/1694439,https://media.easy.co.il/images/PICS/3981246.jpg,,052-8576540,http://erezalon.co.il/,,,,184,"צייטלין 1, תל אביב יפו"
Shiri hair&makeup,052-5875871,לחתן ולכלה,https://easy.co.il/page/10148040,https://media.easy.co.il/images/UserThumbs/10148040_1741589429124_5.jpg,,052-5875871,https://www.instagram.com/shirihakak.hair.makeup/,,,,5,"חרות, רמת גן"
סלון פני,03-6828315,לחתן ולכלה,https://easy.co.il/page/3396482,https://media.easy.co.il/images/UserThumbs/3396482_1615531937860.jpeg,,03-6828315,,,,,16,"עזה 20, תל אביב יפו"
טל פרקש,050-8665070,לחתן ולכלה,https://easy.co.il/page/24415609,https://media.easy.co.il/images/PICS/5471921.jpg,,050-8665070,https://www.facebook.com/1445118762371559,,,,60,"חיים וייצמן 20, גבעת שמואל"
ניקול דנינו איפור מקצועי,050-9033376,לחתן ולכלה,https://easy.co.il/page/25879259,https://media.easy.co.il/images/PICS/5602620.jpg,,050-9033376,http://nicoledanino.com/,,,,126,"הרצל 70, רמת גן"
סלון בוטיק DY,03-5252719,לחתן ולכלה,https://easy.co.il/page/3384758,https://media.easy.co.il/images/UserThumbs/476167_1377341425116.jpg,,03-5252719,http://davidy.co.il/,,,,24,"פינסקר 66, תל אביב יפו"
ג'ודי איזנברג,054-7209676,לחתן ולכלה,https://easy.co.il/page/9017666,https://media.easy.co.il/images/StaticLogo/9017666_1.jpg,,054-7209676,http://judi.mitchatnim.co.il/,,,,580,"מאיר בעל הנס 6, רמת גן"
Natalie Cosmetic Care,052-6712011,לחתן ולכלה,https://easy.co.il/page/2610014,https://media.easy.co.il/images/UserThumbs/857691_1504306043265.jpg,,052-6712011,http://natalieroskin.com/,,,,19,"חיים לנדאו 1, רמת גן"
ארטיום קבנצקי,052-4307221,לחתן ולכלה,https://easy.co.il/page/25976800,https://media.easy.co.il/images/UserThumbs/25976800_1693813091297.jpeg,,052-4307221,http://artyom.co.il/,,,,51,"דוד תדהר 26, תל אביב יפו"
בתיה צוקר,054-4998230,לחתן ולכלה,https://easy.co.il/page/20179070,https://media.easy.co.il/images/UserThumbs/20179070_1695048429067.jpeg,,054-4998230,http://batya-zucker.co.il/,,,,65,"חיבת ציון 17, רמת גן (תיאטרון רמת גן)"
ורד ספיבק,03-5469945,לחתן ולכלה,https://easy.co.il/page/8821759,https://media.easy.co.il/images/StaticLogo/8821759_1.jpg,,03-5469945,https://www.facebook.com/206496566061067,,,,286,"בן יהודה 231, תל אביב יפו"
רות טולדו מאפרת,054-4319346,לחתן ולכלה,https://easy.co.il/page/8817780,https://media.easy.co.il/images/UserThumbs/8817780_1758087459006_0.jpg,,054-4319346,http://ruthtoledo.com/,,,,124,"יהודה גור, תל אביב יפו"
דנה לוי איפור טבעי,050-4797764,לחתן ולכלה,https://easy.co.il/page/9392336,https://media.easy.co.il/images/PICS/8949717.jpg,,050-4797764,http://danalevi.co.il/,,,,27,"נחום סוקולוב 36, תל אביב יפו"
זיוה,03-5713613,לחתן ולכלה,https://easy.co.il/page/3379833,https://media.easy.co.il/images/category/ip8/4033b.png,,03-5713613,,,,,24,"עלומים 36, רמת גן"
בועז שטיין,054-3152525,לחתן ולכלה,https://easy.co.il/page/3389472,https://media.easy.co.il/images/PICS/4189973.jpg,,054-3152525,http://boaz-stein.com/,,,,11,"אלנבי 121, תל אביב יפו"
פליקס שטיין איפור מקצועי,077-4142007,לחתן ולכלה,https://easy.co.il/page/1694770,https://media.easy.co.il/images/StaticLogo/1694770_1.jpg,,077-4142007,http://felixshtein.com/,,,,39,"גרשון ש""ץ 4, תל אביב יפו"
חגי אבדר אמן איפור,052-8809708,לחתן ולכלה,https://easy.co.il/page/20140828,https://media.easy.co.il/images/PICS/4253146.jpg,,052-8809708,http://hagaiavdar.co.il/,,,,26,"שלום עליכם 46, תל אביב יפו"
רייצל קליניק,054-5416046,לחתן ולכלה,https://easy.co.il/page/3354809,https://media.easy.co.il/images/UserThumbs/3354809_1589706360127.jpg,,054-5416046,http://rachel-clinic.co.il/,,,,198,"דוד רזיאל 2, תל אביב יפו"
קוקטה סלון אקספרס,03-6053033,לחתן ולכלה,https://easy.co.il/page/9096982,https://media.easy.co.il/images/UserThumbs/9096982_1583234779168.jpg,,03-6053033,http://koketasalon.co.il/,,,,39,"מרכז בעלי מלאכה 3, תל אביב יפו"
Ortal Elmakias skin care,054-5631543,לחתן ולכלה,https://easy.co.il/page/10078322,https://media.easy.co.il/images/UserThumbs/10078322_1683181991523.jpeg,,054-5631543,http://patronlaser1.co.il/ortal-elmakias,,,,19,"תקוע 17, תל אביב יפו"
עידן שחר,052-5113276,לחתן ולכלה,https://easy.co.il/page/20107838,https://media.easy.co.il/images/PICS/5631827.jpg,,052-5113276,https://www.facebook.com/620515787997059,,,,66,"ירמיהו 19, תל אביב יפו"
טלי אוסנת עמרם,050-8819118,לחתן ולכלה,https://easy.co.il/page/1694529,https://media.easy.co.il/images/StaticLogo/1694529_1.jpg,,050-8819118,,,,,24,"דיזנגוף 260, תל אביב יפו"
רחלי איפור וקוסמטיקה,050-8778987,לחתן ולכלה,https://easy.co.il/page/20605498,https://media.easy.co.il/images/PICS/5639905.jpg,,050-8778987,https://www.instagram.com/Rachelimakeup/,,,,24,"קרליבך 4, תל אביב יפו (קניון האופנה גינדי)"
אביגיל ערמון לוי Avigail Armon Levy,054-4384408,לחתן ולכלה,https://easy.co.il/page/26997536,https://media.easy.co.il/images/PICS/6433746.jpg,,054-4384408,https://www.facebook.com/1588707534713708,,,,31,תל אביב יפו
ליהי קורן כהן איפור & שיער,050-7533185,לחתן ולכלה,https://easy.co.il/page/26459014,https://media.easy.co.il/images/UserThumbs/26459014_1700492458090.jpeg,,050-7533185,http://lihikoren.co.il/,,,,55,רמת גן
אורי ליברמן,03-6722875,לחתן ולכלה,https://easy.co.il/page/1742562,https://media.easy.co.il/images/UserThumbs/1742562_1612854643692_1.jpeg,,03-6722875,,,,,8,"הרצל 12, רמת גן"
GG אומנות השלמות,052-8555696,לחתן ולכלה,https://easy.co.il/page/10097470,https://media.easy.co.il/images/UserThumbs/10097470_1690652341148.png,,052-8555696,https://www.instagram.com/gg_the_art_of_perfecion/,,,,10,"חיבת ציון 38, רמת גן"
סטודיו לאיפור ושיער נילי כהן,052-9571014,לחתן ולכלה,https://easy.co.il/page/5735918,https://media.easy.co.il/images/PICS/3771814.jpg,,052-9571014,http://nilicohen.co.il/,,,,70,"דוד סחרוב 5, ראשון לציון (קניון דאון טאון סנטר)"
כרמל יהלום שיער ואיפור,052-5841903,לחתן ולכלה,https://easy.co.il/page/4036022,https://media.easy.co.il/images/StaticLogo/4036022_1.jpg,,052-5841903,https://www.facebook.com/407853312603688,,,,372,"המעיין 2, גבעתיים"
דרמה קליניק,054-4216980,לחתן ולכלה,https://easy.co.il/page/26525186,https://media.easy.co.il/images/PICS/8961220.jpg,,054-4216980,http://dermaclinic.cc/,,,,14,"רבי עקיבא 2, בני ברק"
גל מלמד תסרוקות כלה וערב,050-5691142,לחתן ולכלה,https://easy.co.il/page/26993709,https://media.easy.co.il/images/PICS/6424828.jpg,,050-5691142,https://www.facebook.com/988248187869773,,,,129,"הרא""ה 248, רמת גן"
דנה קפלן מאפרת מקצועית,052-5314415,לחתן ולכלה,https://easy.co.il/page/26957324,https://media.easy.co.il/images/PICS/9042332.jpg,,052-5314415,http://danakaplan.co.il/,,,,22,"בוני העיר, תל אביב יפו"
ליאן מטל מאפרת מקצועית כלות ערב ואופנה Lian matal makeup artist. Bride & evening & fashion,050-9040158,לחתן ולכלה,https://easy.co.il/page/27378715,https://media.easy.co.il/images/category/ip8/4033b.png,,050-9040158,,,,,14,"דיזנגוף 275, תל אביב יפו"
תמי מרגלית מאפרת ומעצבת שיער,054-4992090,לחתן ולכלה,https://easy.co.il/page/647443,https://media.easy.co.il/images/StaticLogo/647443_1.jpg,,054-4992090,http://tamimargalit.co.il/,,,,173,"אצ""ל 18, קרית אונו"
Makeup by Tiferet,054-2126811,לחתן ולכלה,https://easy.co.il/page/27330053,https://media.easy.co.il/images/PICS/8822019.jpg,,054-2126811,https://www.facebook.com/1094448877242125,,,,16,"ז'בוטינסקי 70, תל אביב יפו"
דניאל יאיר עיצוב שיער,052-7348623,לחתן ולכלה,https://easy.co.il/page/2796610,https://media.easy.co.il/images/category/ip8/4033b.png,,052-7348623,,,,,122,"המחוגה 5, תל אביב יפו"
Sigal.Cosmetice,052-5221885,לחתן ולכלה,https://easy.co.il/page/10073821,https://media.easy.co.il/images/UserThumbs/10073821_1592512304629.jpg,,052-5221885,https://www.instagram.com/Sigal.cosmetice/,,,,17,"יגאל ידין 4, חולון"
יפית קובי המרכז למקצועות היופי,072-2125993,לחתן ולכלה,https://easy.co.il/page/9217201,https://media.easy.co.il/images/PICS/4145692.jpg,,072-2125993,http://yafitkobi.com/,,,,137,"לח""י 25, בני ברק"
אוראל סופר מעצב שיער,054-4900537,לחתן ולכלה,https://easy.co.il/page/10011512,https://media.easy.co.il/images/PICS/5576154.jpg,,054-4900537,https://www.facebook.com/302488419853653,,,,4,"יהושע רבינוביץ 11, חולון (מרכז סאדאב)"
מורן דהן מאפרת ומעצבת שיער,054-4798438,לחתן ולכלה,https://easy.co.il/page/20712306,https://media.easy.co.il/images/PICS/5576596.jpg,,054-4798438,http://morandahan.vp4.me/,,,,22,"מנחם בגין 37, חולון"
נוק ביוטי,03-7505817,לחתן ולכלה,https://easy.co.il/page/26461137,https://media.easy.co.il/images/category/ip8/4033b.png,,03-7505817,http://nokbeauty.com/,,,,117,"המלך ג'ורג' 69, תל אביב יפו"
ברלוט שירי,054-4819135,לחתן ולכלה,https://easy.co.il/page/8823793,https://media.easy.co.il/images/UserThumbs/8823793_1705413503219.jpeg,,054-4819135,http://shiribarlot.mitchatnim.co.il/,,,,147,"דיזנגוף 310, תל אביב יפו"
עדה לזורגן,03-6295830,לחתן ולכלה,https://easy.co.il/page/26351558,https://media.easy.co.il/images/PICS/8949548.jpg,,03-6295830,http://adahlazorgan.co.il/,,,,68,"דיזנגוף 48, תל אביב יפו"
hair couture nyc המספרה הניו יורקית,072-2487048,לחתן ולכלה,https://easy.co.il/page/10008985,https://media.easy.co.il/images/PICS/4037873.jpg,,072-2487048,http://rphaircouture.wixsite.com/home,,,,1551,"יהודה המכבי 87, תל אביב יפו"
אלינור טוביילם,054-2474522,לחתן ולכלה,https://easy.co.il/page/1694721,https://media.easy.co.il/images/PICS/8951262.jpg,,054-2474522,http://elinortob.mitchatnim.co.il/,,,,186,"אלכסנדר פן 8, תל אביב יפו"
ירדן אייזיק,054-7930727,לחתן ולכלה,https://easy.co.il/page/10130848,https://media.easy.co.il/images/UserThumbs/10130848_1704093533987.jpeg,,054-7930727,https://www.instagram.com/yardenaizic_makeuphair_new/,,,,67,"רבי יוסף בוכריץ, ראשון לציון"
Express Tan,050-2922925,לחתן ולכלה,https://easy.co.il/page/8412564,https://media.easy.co.il/images/UserThumbs/8412564_1692629409665.jpeg,,050-2922925,http://www.tantlv.co.il/,,,,131,"דיזנגוף 218, תל אביב יפו"
סנדי ואייל עיצוב שיער,054-2222994,לחתן ולכלה,https://easy.co.il/page/10016172,https://media.easy.co.il/images/UserThumbs/10016172_1738147583321_0.jpg,,054-2222994,https://www.instagram.com/Sandy_eyal_hair/,,,,82,"סירקין 12, גבעתיים"
הפינה של דבי,052-3783323,לחתן ולכלה,https://easy.co.il/page/26012788,https://media.easy.co.il/images/PICS/5327964.jpg,,052-3783323,https://www.facebook.com/108822695918104,,,,32,"האחים ישראלית 24, פתח תקווה"
סטודיו האקדמיה לאיפור,054-7881803,לחתן ולכלה,https://easy.co.il/page/26797710,https://media.easy.co.il/images/PICS/8949699.jpg,,054-7881803,http://leons.co.il/,,,,149,"יואל כהן 6, ראשון לציון"
מירי פמילי,053-3391286,לחתן ולכלה,https://easy.co.il/page/10028834,https://media.easy.co.il/images/UserThumbs/10028834_1659871396948_1.jpeg,,053-3391286,https://www.instagram.com/Miri_famili_makeupartist/,,,,,"יצחק שדה, תל אביב יפו"
רן חפץ עיצוב שיער,050-5113333,לחתן ולכלה,https://easy.co.il/page/20585712,https://media.easy.co.il/images/UserThumbs/20585712_1721333498467.jpeg,,050-5113333,https://www.instagram.com/Ran_chefetz/,,,,27,"לאה גולדברג 3, תל אביב יפו"
מרי מי,052-6896129,לחתן ולכלה,https://easy.co.il/page/2670327,https://media.easy.co.il/images/PICS/4294857.jpg,,052-6896129,http://marryme-brides.co.il/,,,,183,"הרכסים 28, רמת גן"
ארז אברהם,054-7317005,לחתן ולכלה,https://easy.co.il/page/24417134,https://media.easy.co.il/images/PICS/4199014.jpg,,054-7317005,https://www.facebook.com/1863897170547399,,,,10,"דרך מנחם בגין 20, רמת גן"
קובי ואלי בורוכוב,03-5235761,לחתן ולכלה,https://easy.co.il/page/647425,https://media.easy.co.il/images/PICS/3719843.jpg,,03-5235761,http://borochov-ke.co.il/,,,,297,"בן יהודה 71, תל אביב יפו"
רועי אמזלג,03-6432303,לחתן ולכלה,https://easy.co.il/page/26208657,https://media.easy.co.il/images/PICS/3672823.jpg,,03-6432303,http://amireliyahu.mitchatnim.co.il/,,,,153,"ה' באייר 64, תל אביב יפו"
בן עיצובים,052-8562960,לחתן ולכלה,https://easy.co.il/page/20818773,https://media.easy.co.il/images/PICS/4454037.jpg,,052-8562960,https://www.facebook.com/204683566250605,,,,50,"וייצבארד 2, ראשון לציון"
אקטיב ביוטי,050-7409946,לחתן ולכלה,https://easy.co.il/page/3591384,https://media.easy.co.il/images/UserThumbs/3591384_1751219329477_0.png,,050-7409946,https://www.facebook.com/102483363184095,,,,69,"שדרות ירושלים 11, רמת גן"
עומרי רשף עיצוב שיער,052-5211234,לחתן ולכלה,https://easy.co.il/page/10007775,https://media.easy.co.il/images/StaticLogo/10007775_1.jpg,,052-5211234,https://www.instagram.com/omri_reshef_hair_salon/,,,,105,"מונטיפיורי 16, תל אביב יפו (אקרופוליס החדשה)"
פדידה אבי,03-6968163,לחתן ולכלה,https://easy.co.il/page/8821656,https://media.easy.co.il/images/StaticLogo/8821656_1.jpg,,03-6968163,https://www.facebook.com/293221110712248,,,,8,"וייצמן 24, תל אביב יפו"
לילך לויאן,050-2996636,לחתן ולכלה,https://easy.co.il/page/10027753,https://media.easy.co.il/images/UserThumbs/10027753_1776705003081_0.jpg,,050-2996636,https://www.instagram.com/Lilach_levian/,,,,2,"אנדריוס 6, תל אביב יפו"
מספרת רועי ראובני,052-6968697,לחתן ולכלה,https://easy.co.il/page/8099636,https://media.easy.co.il/images/PICS/8949285.jpg,,052-6968697,http://linktr.ee/,,,,268,"בזל 33, תל אביב יפו"
ביוטי סטייל,03-6728659,לחתן ולכלה,https://easy.co.il/page/3060022,https://media.easy.co.il/images/PICS/4331294.jpg,,03-6728659,https://www.facebook.com/328944153895762,,,,117,"הרא""ה 34, רמת גן"
עופר פיכמן,03-9503015,לחתן ולכלה,https://easy.co.il/page/24429447,https://media.easy.co.il/images/category/ip8/4033b.png,,03-9503015,,,,,51,"השדה 12, ראשון לציון"
מוטי עמר עיצוב שיער,054-5673366,לחתן ולכלה,https://easy.co.il/page/8832683,https://media.easy.co.il/images/StaticLogo/8832683_1.jpg,,054-5673366,http://motiamar.co.il/,,,,92,"כצנלסון 134, גבעתיים"
גבי דנהירש,03-6768070,לחתן ולכלה,https://easy.co.il/page/24880389,https://media.easy.co.il/images/category/ip8/2718b.png,,03-6768070,https://www.instagram.com/my_bike_tel_aviv/,,,,99,"עוזיאל 27, רמת גן"
קלי דולב איפור ושיער,054-8016015,לחתן ולכלה,https://easy.co.il/page/2819224,https://media.easy.co.il/images/UserThumbs/2819224_1691612069311.png,,054-8016015,http://dibiz.com/kellydolev,,,,12,"קהילת ונציה 15, תל אביב יפו"
יערה מרדכי איפור כלות וערב,052-5236578,לחתן ולכלה,https://easy.co.il/page/20323085,https://media.easy.co.il/images/PICS/8950630.jpg,,052-5236578,http://yaaram.mitchatnim.co.il/,,,,9,"מרזוק ועזר 11, תל אביב יפו"
ענת נוימן,052-3970689,לחתן ולכלה,https://easy.co.il/page/20097311,https://media.easy.co.il/images/PICS/8955035.jpg,,052-3970689,,,,,5,"שלומציון המלכה 6, תל אביב יפו"
עיצוב שיער עליזה,050-6786908,לחתן ולכלה,https://easy.co.il/page/3383779,https://media.easy.co.il/images/category/ip8/4033b.png,,050-6786908,,,,,,"הרא""ה 118, רמת גן"
לירון שמואל,054-2323843,לחתן ולכלה,https://easy.co.il/page/10035153,https://media.easy.co.il/images/UserThumbs/10035153_1541521827717.jpg,,054-2323843,https://www.instagram.com/Lironshmuel28/,,,,61,"יהושע חנקין 81, חולון"
איתי דמול,03-6030195,לחתן ולכלה,https://easy.co.il/page/9020456,https://media.easy.co.il/images/UserThumbs/9020456_1533971885959.jpg,,03-6030195,,,,,43,"תובל 26, רמת גן"
ליאור ברקוביץ' makeup,054-7388381,לחתן ולכלה,https://easy.co.il/page/10162052,https://media.easy.co.il/images/UserThumbs/10162052_1773650667777_0.jpg,,054-7388381,http://liorberko123.wixsite.com/liorberkovichmakeup,,,,,"בר גיורא 11, תל אביב יפו"
עדי כצנלסון,052-2522413,לחתן ולכלה,https://easy.co.il/page/27379327,https://media.easy.co.il/images/PICS/8955476.jpg,,052-2522413,,,,,16,"אסירי ציון 26, פתח תקווה"
ריקי ציון,052-4433163,לחתן ולכלה,https://easy.co.il/page/10042548,https://media.easy.co.il/images/UserThumbs/10042548_1546896877165.jpg,,052-4433163,https://www.instagram.com/riki_zion_makeup_hair/,,,,37,"שרה אהרונסון 8, פתח תקווה"
ציפורן טיפוח ושיזוף,03-6421271,לחתן ולכלה,https://easy.co.il/page/1695085,https://media.easy.co.il/images/StaticLogo/1695085_1.jpg,,03-6421271,https://www.instagram.com/ziporen2/,,,,62,"אופנהיימר 13, תל אביב יפו"
ITZIK DABACH,050-4400162,לחתן ולכלה,https://easy.co.il/page/26111438,https://media.easy.co.il/images/category/ip8/268b.png,,050-4400162,https://www.facebook.com/1477673255879510,,,,85,"מח""ל 36, תל אביב יפו"
ניחוח אשה,03-6709012,לחתן ולכלה,https://easy.co.il/page/26278053,https://media.easy.co.il/images/UserThumbs/5406636_1482304191559.jpg,,03-6709012,http://didinails.co.il/,,,,65,"דרך זאב ז'בוטינסקי 44, רמת גן"
המספרה של אנה,03-6203353,לחתן ולכלה,https://easy.co.il/page/24315163,https://media.easy.co.il/images/UserThumbs/24315163_1677319864766.png,,03-6203353,https://www.instagram.com/annahaircreator/,,,,110,"שלמה המלך 29, תל אביב יפו"
בן רביבו,054-5514667,לחתן ולכלה,https://easy.co.il/page/20856775,https://media.easy.co.il/images/UserThumbs/20856775_1523709059033.jpg,,054-5514667,https://www.instagram.com/benravivo/,,,,57,"שפינוזה 1, תל אביב יפו"
שירן אוריאל מאפרת ומסרקת כלות גבעת שמואל,052-5049898,לחתן ולכלה,https://easy.co.il/page/27378164,https://media.easy.co.il/images/category/ip8/4033b.png,,052-5049898,,,,,22,"הסיבים 46, פתח תקווה"
ראשם,03-6200476,לחתן ולכלה,https://easy.co.il/page/5882375,https://media.easy.co.il/images/StaticLogo/5882375_1.jpg,,03-6200476,http://hroshem.com/,,,,98,"דיזנגוף סנטר, תל אביב יפו"
אצל רותם,054-5777732,לחתן ולכלה,https://easy.co.il/page/25971232,https://media.easy.co.il/images/PICS/5325601.jpg,,054-5777732,http://rotembeauty.co.il/,,,,101,"סירקין 5, גבעתיים"
שלומית פדידה,052-2502563,לחתן ולכלה,https://easy.co.il/page/8812968,https://media.easy.co.il/images/PICS/3608953.jpg,,052-2502563,https://www.instagram.com/shlomitfedida/,,,,51,"שכונת נווה הדרים, ראשון לציון"
